{
  "frame_index" : 749,
  "intrinsics" : [
    1345.3612060546875,
    0,
    956.4776611328125,
    0,
    1345.3612060546875,
    725.456298828125,
    0,
    0,
    1
  ],
  "time" : 194189.19203625005,
  "cameraPoseARFrame" : [
    0.46157351136207581,
    0.23573124408721924,
    -0.85520792007446289,
    -3.0498781204223633,
    0.0055252830497920513,
    0.96326440572738647,
    0.26849821209907532,
    -0.10221552848815918,
    0.88708484172821045,
    -0.12865693867206573,
    0.44331479072570801,
    2.8015031814575195,
    0,
    0,
    0,
    1
  ],
  "averageAngularVelocity" : 0.10074698179960251,
  "motionQuality" : 0.94346654415130615,
  "cameraGrain" : 0.23379489779472351,
  "projectionMatrix" : [
    1.4014179706573486,
    0,
    0.0031482577323913574,
    0,
    0,
    1.8685572147369385,
    0.0082726478576660156,
    0,
    0,
    0,
    -0.9999997615814209,
    -0.00099999981466680765,
    0,
    0,
    -1,
    0
  ],
  "averageVelocity" : 0.19786708056926727,
  "exposureDuration" : 0.01666666753590107
}