{
  "motionQuality" : 0.85612863302230835,
  "projectionMatrix" : [
    1.4014521837234497,
    0,
    0.0031421780586242676,
    0,
    0,
    1.8686028718948364,
    0.0080728530883789062,
    0,
    0,
    0,
    -0.9999997615814209,
    -0.00099999981466680765,
    0,
    0,
    -1,
    0
  ],
  "cameraGrain" : 0.32850009202957153,
  "intrinsics" : [
    1345.39404296875,
    0,
    956.4835205078125,
    0,
    1345.39404296875,
    725.31243896484375,
    0,
    0,
    1
  ],
  "averageAngularVelocity" : 0.23703040182590485,
  "frame_index" : 363,
  "time" : 194158.00071808338,
  "exposureDuration" : 0.0099999997764825821,
  "averageVelocity" : 0.50354975461959839,
  "cameraPoseARFrame" : [
    -0.75182980298995972,
    -0.18237966299057007,
    0.63363200426101685,
    1.7881623506546021,
    0.014188185334205627,
    0.95628714561462402,
    0.2920849621295929,
    -0.33276212215423584,
    -0.65920460224151611,
    0.22858832776546478,
    -0.71637749671936035,
    -2.7127206325531006,
    0,
    0,
    0,
    1
  ]
}