{
  "projectionMatrix" : [
    1.3965849876403809,
    0,
    0.0030803680419921875,
    0,
    0,
    1.8621132373809814,
    0.0082007646560668945,
    0,
    0,
    0,
    -0.9999997615814209,
    -0.00099999981466680765,
    0,
    0,
    -1,
    0
  ],
  "cameraPoseARFrame" : [
    0.040336914360523224,
    -0.29564028978347778,
    0.95444720983505249,
    4.2222518920898438,
    0.0026780485641211271,
    0.9552532434463501,
    0.29577675461769104,
    -0.31221741437911987,
    -0.99918252229690552,
    -0.0093746604397892952,
    0.039323706179857254,
    0.61703890562057495,
    0,
    0,
    0,
    0.99999988079071045
  ],
  "exposureDuration" : 0.016393441706895828,
  "motionQuality" : 0.84156012535095215,
  "averageVelocity" : 0.55453962087631226,
  "frame_index" : 507,
  "cameraGrain" : 0.20169356465339661,
  "averageAngularVelocity" : 0.40435907244682312,
  "time" : 194169.64305729172,
  "intrinsics" : [
    1340.7215576171875,
    0,
    956.5428466796875,
    0,
    1340.7215576171875,
    725.404541015625,
    0,
    0,
    1
  ]
}