{
  "cameraGrain" : 0.25444650650024414,
  "time" : 194165.9071977917,
  "averageVelocity" : 0.29960897564888,
  "frame_index" : 462,
  "motionQuality" : 0.91439741849899292,
  "averageAngularVelocity" : 0.086701758205890656,
  "exposureDuration" : 0.0099999997764825821,
  "projectionMatrix" : [
    1.3987624645233154,
    0,
    0.0033708810806274414,
    0,
    0,
    1.8650166988372803,
    0.0084208846092224121,
    0,
    0,
    0,
    -0.9999997615814209,
    -0.00099999981466680765,
    0,
    0,
    -1,
    0
  ],
  "cameraPoseARFrame" : [
    -0.25753456354141235,
    -0.2020815908908844,
    0.94490152597427368,
    3.272512674331665,
    -0.0035197888500988483,
    0.97807621955871582,
    0.20821717381477356,
    -0.046285629272460938,
    -0.96626269817352295,
    0.050297275185585022,
    -0.25259974598884583,
    -1.0125226974487305,
    0,
    0,
    0,
    1
  ],
  "intrinsics" : [
    1342.81201171875,
    0,
    956.26397705078125,
    0,
    1342.81201171875,
    725.56304931640625,
    0,
    0,
    1
  ]
}