{
  "averageVelocity" : 0.69666057825088501,
  "exposureDuration" : 0.0099999997764825821,
  "intrinsics" : [
    1342.1510009765625,
    0,
    956.88458251953125,
    0,
    1342.1510009765625,
    725.33026123046875,
    0,
    0,
    1
  ],
  "projectionMatrix" : [
    1.3980739116668701,
    0,
    0.0027244091033935547,
    0,
    0,
    1.8640986680984497,
    0.0080975890159606934,
    0,
    0,
    0,
    -0.9999997615814209,
    -0.00099999981466680765,
    0,
    0,
    -1,
    0
  ],
  "frame_index" : 223,
  "motionQuality" : 0.80095410346984863,
  "time" : 194145.81513058339,
  "averageAngularVelocity" : 0.23329487442970276,
  "cameraPoseARFrame" : [
    -0.36766460537910461,
    0.24401172995567322,
    -0.89737433195114136,
    -3.1520998477935791,
    -0.025704028084874153,
    0.96192669868469238,
    0.27209585905075073,
    -0.086535453796386719,
    0.92960315942764282,
    0.12310615926980972,
    -0.34739431738853455,
    -1.3437082767486572,
    0,
    0,
    0,
    1
  ],
  "cameraGrain" : 0.3109678328037262
}