{
  "averageVelocity" : 0.66283947229385376,
  "averageAngularVelocity" : 0.25413608551025391,
  "intrinsics" : [
    1344.872802734375,
    0,
    956.409423828125,
    0,
    1344.872802734375,
    725.38470458984375,
    0,
    0,
    1
  ],
  "motionQuality" : 0.81061732769012451,
  "exposureDuration" : 0.0099999997764825821,
  "cameraPoseARFrame" : [
    -0.99430537223815918,
    -0.054718390107154846,
    0.091448403894901276,
    0.54101085662841797,
    -0.031507041305303574,
    0.97069376707077026,
    0.2382456362247467,
    -0.11350839585065842,
    -0.10180480778217316,
    0.23400765657424927,
    -0.96688997745513916,
    -3.3642549514770508,
    0,
    0,
    0,
    1.0000001192092896
  ],
  "projectionMatrix" : [
    1.4009091854095459,
    0,
    0.0032193660736083984,
    0,
    0,
    1.8678789138793945,
    0.0081732273101806641,
    0,
    0,
    0,
    -0.9999997615814209,
    -0.00099999981466680765,
    0,
    0,
    -1,
    0
  ],
  "cameraGrain" : 0.28050166368484497,
  "time" : 194205.10465229172,
  "frame_index" : 951
}