{
  "projectionMatrix" : [
    1.4256972074508667,
    0,
    0.0033286809921264648,
    0,
    0,
    1.9009295701980591,
    0.008009493350982666,
    0,
    0,
    0,
    -0.9999997615814209,
    -0.00099999981466680765,
    0,
    0,
    -1,
    0
  ],
  "exposureDuration" : 0.01666666753590107,
  "intrinsics" : [
    1368.6693115234375,
    0,
    956.304443359375,
    0,
    1368.6693115234375,
    725.266845703125,
    0,
    0,
    1
  ],
  "time" : 194193.42897004171,
  "motionQuality" : 0.83515250682830811,
  "averageVelocity" : 0.57696634531021118,
  "cameraPoseARFrame" : [
    0.55495333671569824,
    0.32334727048873901,
    -0.76646804809570312,
    -1.6777560710906982,
    0.0049536698497831821,
    0.92006617784500122,
    0.39173176884651184,
    -0.15866684913635254,
    0.8318668007850647,
    -0.22118973731994629,
    0.50899201631546021,
    0.9864317774772644,
    0,
    0,
    0,
    1
  ],
  "averageAngularVelocity" : 0.1488504558801651,
  "cameraGrain" : 0.29056498408317566,
  "frame_index" : 802
}