{
  "averageVelocity" : 0.45429626107215881,
  "cameraPoseARFrame" : [
    0.40077954530715942,
    0.35129004716873169,
    -0.84615069627761841,
    -1.6158185005187988,
    -0.02600521594285965,
    0.92755907773971558,
    0.37277033925056458,
    -0.012948513031005859,
    0.91580533981323242,
    -0.1273944228887558,
    0.38088202476501465,
    0.2588593065738678,
    0,
    0,
    0,
    1
  ],
  "projectionMatrix" : [
    1.4105842113494873,
    0,
    0.0027458667755126953,
    0,
    0,
    1.8807790279388428,
    0.0073350071907043457,
    0,
    0,
    0,
    -0.9999997615814209,
    -0.00099999981466680765,
    0,
    0,
    -1,
    0
  ],
  "averageAngularVelocity" : 0.3886810839176178,
  "frame_index" : 181,
  "motionQuality" : 0.87020105123519897,
  "cameraGrain" : 0.33978638052940369,
  "intrinsics" : [
    1354.160888671875,
    0,
    956.86395263671875,
    0,
    1354.160888671875,
    724.78118896484375,
    0,
    0,
    1
  ],
  "time" : 194142.17900141672,
  "exposureDuration" : 0.0099999997764825821
}