{
  "cameraPoseARFrame" : [
    0.33825510740280151,
    0.26612374186515808,
    -0.90264129638671875,
    -2.7677657604217529,
    0.064495772123336792,
    0.95036959648132324,
    0.30436447262763977,
    -0.13258738815784454,
    0.93884164094924927,
    -0.16116943955421448,
    0.30430358648300171,
    1.9920991659164429,
    0,
    0,
    0,
    0.99999988079071045
  ],
  "motionQuality" : 0.87995034456253052,
  "projectionMatrix" : [
    1.4037817716598511,
    0,
    0.0036920905113220215,
    0,
    0,
    1.8717089891433716,
    0.0080835819244384766,
    0,
    0,
    0,
    -0.9999997615814209,
    -0.00099999981466680765,
    0,
    0,
    -1,
    0
  ],
  "averageVelocity" : 0.4201737642288208,
  "time" : 194137.97589504172,
  "intrinsics" : [
    1347.6304931640625,
    0,
    955.95556640625,
    0,
    1347.6304931640625,
    725.3201904296875,
    0,
    0,
    1
  ],
  "frame_index" : 131,
  "averageAngularVelocity" : 0.18851795792579651,
  "cameraGrain" : 0.28275582194328308,
  "exposureDuration" : 0.0099999997764825821
}