{
  "projectionMatrix" : [
    1.3965446949005127,
    0,
    0.0034536123275756836,
    0,
    0,
    1.862059473991394,
    0.0082721114158630371,
    0,
    0,
    0,
    -0.9999997615814209,
    -0.00099999981466680765,
    0,
    0,
    -1,
    0
  ],
  "averageAngularVelocity" : 0.23024865984916687,
  "motionQuality" : 0.81743079423904419,
  "cameraGrain" : 0.20900982618331909,
  "intrinsics" : [
    1340.682861328125,
    0,
    956.18450927734375,
    0,
    1340.682861328125,
    725.4559326171875,
    0,
    0,
    1
  ],
  "cameraPoseARFrame" : [
    0.43880116939544678,
    -0.20947514474391937,
    0.87382680177688599,
    3.9671056270599365,
    0.032869968563318253,
    0.97553962469100952,
    0.21735186874866486,
    -0.36362928152084351,
    -0.89798265695571899,
    -0.066651612520217896,
    0.43495345115661621,
    2.6974778175354004,
    0,
    0,
    0,
    0.99999988079071045
  ],
  "exposureDuration" : 0.016393441706895828,
  "time" : 194173.3130497917,
  "averageVelocity" : 0.63899224996566772,
  "frame_index" : 553
}