{
  "intrinsics" : [
    1343.211181640625,
    0,
    956.432861328125,
    0,
    1343.211181640625,
    725.49432373046875,
    0,
    0,
    1
  ],
  "cameraPoseARFrame" : [
    -0.87981224060058594,
    0.072099462151527405,
    -0.46982121467590332,
    -1.4585602283477783,
    -0.037027902901172638,
    0.97502875328063965,
    0.21896974742412567,
    -0.098652482032775879,
    0.47387680411338806,
    0.21004879474639893,
    -0.85517251491546631,
    -3.1357741355895996,
    0,
    0,
    0,
    1
  ],
  "motionQuality" : 0.83936083316802979,
  "averageVelocity" : 0.5622369647026062,
  "averageAngularVelocity" : 0.075719580054283142,
  "time" : 194150.05409358337,
  "cameraGrain" : 0.3024429976940155,
  "projectionMatrix" : [
    1.3991782665252686,
    0,
    0.0031949281692504883,
    0,
    0,
    1.865571141242981,
    0.0083254575729370117,
    0,
    0,
    0,
    -0.9999997615814209,
    -0.00099999981466680765,
    0,
    0,
    -1,
    0
  ],
  "frame_index" : 271,
  "exposureDuration" : 0.0099999997764825821
}