{
  "exposureDuration" : 0.0099999997764825821,
  "intrinsics" : [
    1345.3612060546875,
    0,
    956.2066650390625,
    0,
    1345.3612060546875,
    725.551513671875,
    0,
    0,
    1
  ],
  "projectionMatrix" : [
    1.4014179706573486,
    0,
    0.0034305453300476074,
    0,
    0,
    1.8685572147369385,
    0.008404850959777832,
    0,
    0,
    0,
    -0.9999997615814209,
    -0.00099999981466680765,
    0,
    0,
    -1,
    0
  ],
  "frame_index" : 703,
  "averageAngularVelocity" : 0.22106890380382538,
  "time" : 194185.48974450005,
  "cameraPoseARFrame" : [
    0.76499181985855103,
    0.16762582957744598,
    -0.62184315919876099,
    -2.3800280094146729,
    -0.00052138359751552343,
    0.96569603681564331,
    0.25967434048652649,
    -0.1115078404545784,
    0.64403969049453735,
    -0.1983245462179184,
    0.73883700370788574,
    3.8011894226074219,
    0,
    0,
    0,
    0.99999988079071045
  ],
  "motionQuality" : 0.85403609275817871,
  "cameraGrain" : 0.28913283348083496,
  "averageVelocity" : 0.51087355613708496
}