{
  "cameraPoseARFrame" : [
    -0.99987947940826416,
    0.0089003695175051689,
    -0.012712978757917881,
    0.072066687047481537,
    0.0054608648642897606,
    0.96858799457550049,
    0.24861079454421997,
    -0.18700563907623291,
    0.014526393264532089,
    0.24851144850254059,
    -0.96851998567581177,
    -3.5230114459991455,
    0,
    0,
    0,
    1
  ],
  "averageVelocity" : 0.57697951793670654,
  "cameraGrain" : 0.29118186235427856,
  "exposureDuration" : 0.0099999997764825821,
  "intrinsics" : [
    1344.40234375,
    0,
    956.166015625,
    0,
    1344.40234375,
    725.19189453125,
    0,
    0,
    1
  ],
  "frame_index" : 313,
  "motionQuality" : 0.83514869213104248,
  "projectionMatrix" : [
    1.4004191160202026,
    0,
    0.0034729242324829102,
    0,
    0,
    1.8672255277633667,
    0.007905423641204834,
    0,
    0,
    0,
    -0.9999997615814209,
    -0.00099999981466680765,
    0,
    0,
    -1,
    0
  ],
  "averageAngularVelocity" : 0.23249413073062897,
  "time" : 194153.75768262503
}