{
  "motionQuality" : 0.82239925861358643,
  "averageVelocity" : 0.62160259485244751,
  "cameraPoseARFrame" : [
    0.80457007884979248,
    -0.10169915109872818,
    0.58508485555648804,
    1.9676065444946289,
    -0.016994938254356384,
    0.98088079690933228,
    0.19386643171310425,
    -0.1683495044708252,
    -0.59361469745635986,
    -0.1659226268529892,
    0.78745889663696289,
    4.5021915435791016,
    0,
    0,
    0,
    1
  ],
  "projectionMatrix" : [
    1.3970440626144409,
    0,
    0.0033412575721740723,
    0,
    0,
    1.8627254962921143,
    0.0084343552589416504,
    0,
    0,
    0,
    -0.9999997615814209,
    -0.00099999981466680765,
    0,
    0,
    -1,
    0
  ],
  "averageAngularVelocity" : 0.13782332837581635,
  "intrinsics" : [
    1341.162353515625,
    0,
    956.29241943359375,
    0,
    1341.162353515625,
    725.57275390625,
    0,
    0,
    1
  ],
  "cameraGrain" : 0.21922683715820312,
  "frame_index" : 605,
  "exposureDuration" : 0.01666666753590107,
  "time" : 194177.58289800005
}