{
  "averageVelocity" : 0.40418580174446106,
  "cameraPoseARFrame" : [
    0.84554964303970337,
    0.11433061957359314,
    -0.52151137590408325,
    -1.9544856548309326,
    0.036467265337705612,
    0.96215307712554932,
    0.27005821466445923,
    -0.24627530574798584,
    0.53264975547790527,
    -0.24736578762531281,
    0.809378981590271,
    4.0059018135070801,
    0,
    0,
    0,
    1
  ],
  "intrinsics" : [
    1345.3463134765625,
    0,
    956.374267578125,
    0,
    1345.3463134765625,
    725.24102783203125,
    0,
    0,
    1
  ],
  "cameraGrain" : 0.24654731154441833,
  "averageAngularVelocity" : 0.21393938362598419,
  "motionQuality" : 0.8845183253288269,
  "exposureDuration" : 0.0099999997764825821,
  "projectionMatrix" : [
    1.4014023542404175,
    0,
    0.0032559633255004883,
    0,
    0,
    1.8685365915298462,
    0.0079736709594726562,
    0,
    0,
    0,
    -0.9999997615814209,
    -0.00099999981466680765,
    0,
    0,
    -1,
    0
  ],
  "frame_index" : 45,
  "time" : 194130.67042975005
}