{
  "motionQuality" : 0.84934252500534058,
  "intrinsics" : [
    1343.2825927734375,
    0,
    956.78973388671875,
    0,
    1343.2825927734375,
    725.5797119140625,
    0,
    0,
    1
  ],
  "averageAngularVelocity" : 0.089245304465293884,
  "time" : 194201.36838195837,
  "averageVelocity" : 0.52730119228363037,
  "cameraGrain" : 0.29919981956481934,
  "cameraPoseARFrame" : [
    -0.90354371070861816,
    0.047580651938915253,
    -0.42584562301635742,
    -1.4990456104278564,
    -0.044292110949754715,
    0.97812139987945557,
    0.20326496660709381,
    -0.070616312325000763,
    0.426200270652771,
    0.20252044498920441,
    -0.8816680908203125,
    -3.2744252681732178,
    0,
    0,
    0,
    0.99999988079071045
  ],
  "exposureDuration" : 0.0099999997764825821,
  "frame_index" : 902,
  "projectionMatrix" : [
    1.3992526531219482,
    0,
    0.002823173999786377,
    0,
    0,
    1.8656703233718872,
    0.0084440708160400391,
    0,
    0,
    0,
    -0.9999997615814209,
    -0.00099999981466680765,
    0,
    0,
    -1,
    0
  ]
}