{
  "motionQuality" : 0.96997153759002686,
  "cameraPoseARFrame" : [
    -0.53795897960662842,
    -0.26036041975021362,
    0.80175590515136719,
    2.1487042903900146,
    -0.0055952202528715134,
    0.95218932628631592,
    0.30545756220817566,
    -0.21796993911266327,
    -0.84295254945755005,
    0.15983767807483673,
    -0.51369553804397583,
    -1.9469296932220459,
    0,
    0,
    0,
    1.0000001192092896
  ],
  "time" : 194161.67058875004,
  "exposureDuration" : 0.0099999997764825821,
  "averageAngularVelocity" : 0.072425000369548798,
  "projectionMatrix" : [
    1.4037258625030518,
    0,
    0.0033447742462158203,
    0,
    0,
    1.8716343641281128,
    0.007920384407043457,
    0,
    0,
    0,
    -0.9999997615814209,
    -0.00099999981466680765,
    0,
    0,
    -1,
    0
  ],
  "intrinsics" : [
    1347.5767822265625,
    0,
    956.28900146484375,
    0,
    1347.5767822265625,
    725.20269775390625,
    0,
    0,
    1
  ],
  "frame_index" : 408,
  "cameraGrain" : 0.29118186235427856,
  "averageVelocity" : 0.10509970784187317
}