{
  "motionQuality" : 0.83391976356506348,
  "projectionMatrix" : [
    1.3996931314468384,
    0,
    0.0028282999992370605,
    0,
    0,
    1.8662575483322144,
    0.0083786845207214355,
    0,
    0,
    0,
    -0.9999997615814209,
    -0.00099999981466680765,
    0,
    0,
    -1,
    0
  ],
  "cameraPoseARFrame" : [
    0.99967378377914429,
    0.013744031079113483,
    0.021527791395783424,
    -0.54393333196640015,
    -0.018189119175076485,
    0.97481155395507812,
    0.22228677570819855,
    -0.14581497013568878,
    -0.017930425703525543,
    -0.22260585427284241,
    0.9747435450553894,
    4.7888855934143066,
    0,
    0,
    0,
    0.99999988079071045
  ],
  "frame_index" : 649,
  "intrinsics" : [
    1343.7054443359375,
    0,
    956.78485107421875,
    0,
    1343.7054443359375,
    725.53265380859375,
    0,
    0,
    1
  ],
  "time" : 194181.28612816671,
  "averageVelocity" : 0.58128076791763306,
  "averageAngularVelocity" : 0.28120467066764832,
  "cameraGrain" : 0.23029987514019012,
  "exposureDuration" : 0.01666666753590107
}