{
  "exposureDuration" : 0.0099999997764825821,
  "motionQuality" : 0.95408463478088379,
  "averageVelocity" : 0.16070376336574554,
  "intrinsics" : [
    1344.3636474609375,
    0,
    956.55126953125,
    0,
    1344.3636474609375,
    725.38336181640625,
    0,
    0,
    1
  ],
  "averageAngularVelocity" : 0.03622785210609436,
  "projectionMatrix" : [
    1.4003788232803345,
    0,
    0.0030716061592102051,
    0,
    0,
    1.8671717643737793,
    0.0081713199615478516,
    0,
    0,
    0,
    -0.9999997615814209,
    -0.00099999981466680765,
    0,
    0,
    -1,
    0
  ],
  "cameraPoseARFrame" : [
    0.5111842155456543,
    0.18625138700008392,
    -0.83904761075973511,
    -3.0073540210723877,
    -0.0020703526679426432,
    0.97650116682052612,
    0.21550187468528748,
    -0.16381871700286865,
    0.85946869850158691,
    -0.10842404514551163,
    0.49955755472183228,
    3.2529728412628174,
    0,
    0,
    0,
    1
  ],
  "cameraGrain" : 0.25214621424674988,
  "frame_index" : 88,
  "time" : 194134.37276362506
}