{
  "frame_index" : 847,
  "averageVelocity" : 0.62372523546218872,
  "motionQuality" : 0.82179278135299683,
  "time" : 194197.13170570837,
  "cameraPoseARFrame" : [
    -0.33464726805686951,
    0.38022792339324951,
    -0.86222857236862183,
    -1.9150797128677368,
    0.018388831987977028,
    0.91744405031204224,
    0.39743998646736145,
    -0.17746226489543915,
    0.94216406345367432,
    0.11714682728052139,
    -0.31401205062866211,
    -1.5845251083374023,
    0,
    0,
    0,
    1.0000001192092896
  ],
  "projectionMatrix" : [
    1.4048424959182739,
    0,
    0.0035669207572937012,
    0,
    0,
    1.8731232881546021,
    0.0079342126846313477,
    0,
    0,
    0,
    -0.9999997615814209,
    -0.00099999981466680765,
    0,
    0,
    -1,
    0
  ],
  "cameraGrain" : 0.33446794748306274,
  "intrinsics" : [
    1348.6488037109375,
    0,
    956.07574462890625,
    0,
    1348.6488037109375,
    725.212646484375,
    0,
    0,
    1
  ],
  "averageAngularVelocity" : 0.39142835140228271,
  "exposureDuration" : 0.0099999997764825821
}