{
  "frame_index" : 287,
  "time" : 41596.170192000012,
  "cameraGrain" : 0,
  "cameraPoseARFrame" : [
    -0.34326180815696716,
    -0.27814379334449768,
    0.8971104621887207,
    3.1472361087799072,
    0.051235798746347427,
    0.94817793369293213,
    0.31358131766319275,
    0.65564256906509399,
    -0.93784117698669434,
    0.15360468626022339,
    -0.3112223744392395,
    -1.6776236295700073,
    0,
    0,
    0,
    0.99999994039535522
  ],
  "averageVelocity" : 0.6187596321105957,
  "averageAngularVelocity" : 0.19710643589496613,
  "exposureDuration" : 0.01666666753590107,
  "motionQuality" : 0.82321155071258545,
  "projectionMatrix" : [
    1.4053916931152344,
    0,
    0.0037901997566223145,
    0,
    0,
    1.8738555908203125,
    0.0086452960968017578,
    0,
    0,
    0,
    -0.9999997615814209,
    -0.00099999981466680765,
    0,
    0,
    -1,
    0
  ],
  "intrinsics" : [
    1349.176025390625,
    0,
    955.86138916015625,
    0,
    1349.176025390625,
    725.724609375,
    0,
    0,
    1
  ]
}