{
  "frame_index" : 319,
  "projectionMatrix" : [
    1.4031704664230347,
    0,
    0.003617703914642334,
    0,
    0,
    1.8708940744400024,
    0.0085491538047790527,
    0,
    0,
    0,
    -0.9999997615814209,
    -0.00099999981466680765,
    0,
    0,
    -1,
    0
  ],
  "time" : 41599.373487291676,
  "exposureDuration" : 0.01666666753590107,
  "motionQuality" : 0.7712252140045166,
  "averageVelocity" : 0.80071169137954712,
  "averageAngularVelocity" : 0.24003599584102631,
  "cameraGrain" : 0,
  "intrinsics" : [
    1347.043701171875,
    0,
    956.0269775390625,
    0,
    1347.043701171875,
    725.6553955078125,
    0,
    0,
    1
  ],
  "cameraPoseARFrame" : [
    0.20504988729953766,
    -0.32157644629478455,
    0.92441487312316895,
    3.5369067192077637,
    0.036953672766685486,
    0.94635391235351562,
    0.32101142406463623,
    0.69568502902984619,
    -0.97805356979370117,
    -0.031662855297327042,
    0.20593324303627014,
    0.32129016518592834,
    0,
    0,
    0,
    0.99999982118606567
  ]
}