{
  "projectionMatrix" : [
    1.403694748878479,
    0,
    0.0041325688362121582,
    0,
    0,
    1.8715929985046387,
    0.0086472630500793457,
    0,
    0,
    0,
    -0.9999997615814209,
    -0.00099999981466680765,
    0,
    0,
    -1,
    0
  ],
  "intrinsics" : [
    1347.5469970703125,
    0,
    955.53271484375,
    0,
    1347.5469970703125,
    725.72601318359375,
    0,
    0,
    1
  ],
  "averageVelocity" : 0.66243445873260498,
  "exposureDuration" : 0.01666666753590107,
  "motionQuality" : 0.81073302030563354,
  "cameraGrain" : 0,
  "averageAngularVelocity" : 0.11885730177164078,
  "frame_index" : 438,
  "time" : 41611.114651166674,
  "cameraPoseARFrame" : [
    0.94064396619796753,
    0.095982149243354797,
    -0.32554003596305847,
    -1.5855321884155273,
    0.0009998837485909462,
    0.9583897590637207,
    0.28546050190925598,
    0.44803574681282043,
    0.33939352631568909,
    -0.26884227991104126,
    0.90140759944915771,
    3.5456748008728027,
    0,
    0,
    0,
    0.99999994039535522
  ]
}