{
  "projectionMatrix" : [
    1.4020848274230957,
    0,
    0.0038509368896484375,
    0,
    0,
    1.8694465160369873,
    0.0085639357566833496,
    0,
    0,
    0,
    -0.9999997615814209,
    -0.00099999981466680765,
    0,
    0,
    -1,
    0
  ],
  "motionQuality" : 0.76179373264312744,
  "frame_index" : 346,
  "cameraPoseARFrame" : [
    0.57628977298736572,
    -0.25080400705337524,
    0.77780938148498535,
    3.0915894508361816,
    0.045305091887712479,
    0.96008580923080444,
    0.27601173520088196,
    0.66487747430801392,
    -0.81598865985870361,
    -0.12382405996322632,
    0.56465041637420654,
    2.0182957649230957,
    0,
    0,
    0,
    0.99999994039535522
  ],
  "cameraGrain" : 0,
  "averageVelocity" : 0.83372199535369873,
  "intrinsics" : [
    1346.00146484375,
    0,
    955.8031005859375,
    0,
    1346.00146484375,
    725.666015625,
    0,
    0,
    1
  ],
  "exposureDuration" : 0.01666666753590107,
  "time" : 41602.044058958345,
  "averageAngularVelocity" : 0.23727798461914062
}