{
  "frame_index" : 229,
  "motionQuality" : 0.80494332313537598,
  "intrinsics" : [
    1346.5076904296875,
    0,
    956.0330810546875,
    0,
    1346.5076904296875,
    725.87701416015625,
    0,
    0,
    1
  ],
  "averageVelocity" : 0.68269842863082886,
  "averageAngularVelocity" : 0.16014471650123596,
  "cameraGrain" : 0,
  "exposureDuration" : 0.01666666753590107,
  "projectionMatrix" : [
    1.4026122093200684,
    0,
    0.0036113858222961426,
    0,
    0,
    1.8701496124267578,
    0.0088569521903991699,
    0,
    0,
    0,
    -0.9999997615814209,
    -0.00099999981466680765,
    0,
    0,
    -1,
    0
  ],
  "time" : 41590.299098250012,
  "cameraPoseARFrame" : [
    -0.99141407012939453,
    0.029487734660506248,
    0.12739038467407227,
    0.60152345895767212,
    0.069017268717288971,
    0.945484459400177,
    0.31826949119567871,
    0.60858017206192017,
    -0.11106063425540924,
    0.32432907819747925,
    -0.93940192461013794,
    -3.9468731880187988,
    0,
    0,
    0,
    0.99999994039535522
  ]
}