{
  "intrinsics" : [
    1349.3099365234375,
    0,
    956.31036376953125,
    0,
    1349.3099365234375,
    725.57049560546875,
    0,
    0,
    1
  ],
  "frame_index" : 464,
  "projectionMatrix" : [
    1.4055311679840088,
    0,
    0.0033225417137145996,
    0,
    0,
    1.8740415573120117,
    0.0084312558174133301,
    0,
    0,
    0,
    -0.9999997615814209,
    -0.00099999981466680765,
    0,
    0,
    -1,
    0
  ],
  "motionQuality" : 0.81120216846466064,
  "exposureDuration" : 0.01666666753590107,
  "cameraPoseARFrame" : [
    0.70686519145965576,
    0.22617670893669128,
    -0.67021310329437256,
    -2.3367490768432617,
    0.038596030324697495,
    0.93375670909881592,
    0.3558214008808136,
    0.60040193796157837,
    0.70629441738128662,
    -0.27738535404205322,
    0.65131062269210815,
    2.7740414142608643,
    0,
    0,
    0,
    0.99999994039535522
  ],
  "averageVelocity" : 0.66079252958297729,
  "averageAngularVelocity" : 0.49132347106933594,
  "cameraGrain" : 0,
  "time" : 41613.784684000006
}