{
  "averageVelocity" : 0.34318774938583374,
  "cameraPoseARFrame" : [
    0.35084307193756104,
    0.26122167706489563,
    -0.89926207065582275,
    -3.4254167079925537,
    -0.014539816416800022,
    0.96170824766159058,
    0.2736886739730835,
    0.67791956663131714,
    0.93632137775421143,
    -0.082946702837944031,
    0.34120675921440125,
    1.83875572681427,
    0,
    0,
    0,
    0.99999994039535522
  ],
  "exposureDuration" : 0.01666666753590107,
  "cameraGrain" : 0,
  "frame_index" : 498,
  "projectionMatrix" : [
    1.4036761522293091,
    0,
    0.0041707158088684082,
    0,
    0,
    1.8715680837631226,
    0.0088732242584228516,
    0,
    0,
    0,
    -0.9999997615814209,
    -0.00099999981466680765,
    0,
    0,
    -1,
    0
  ],
  "motionQuality" : 0.90194636583328247,
  "intrinsics" : [
    1347.529052734375,
    0,
    955.49609375,
    0,
    1347.529052734375,
    725.88873291015625,
    0,
    0,
    1
  ],
  "time" : 41616.987299625012,
  "averageAngularVelocity" : 0.20603254437446594
}