{
  "averageVelocity" : 0.74391323328018188,
  "averageAngularVelocity" : 0.1904747486114502,
  "exposureDuration" : 0.01666666753590107,
  "projectionMatrix" : [
    1.4054598808288574,
    0,
    0.0033161640167236328,
    0,
    0,
    1.8739464282989502,
    0.0084798932075500488,
    0,
    0,
    0,
    -0.9999997615814209,
    -0.00099999981466680765,
    0,
    0,
    -1,
    0
  ],
  "cameraGrain" : 0,
  "time" : 41581.758664625006,
  "motionQuality" : 0.78745335340499878,
  "intrinsics" : [
    1349.241455078125,
    0,
    956.31646728515625,
    0,
    1349.241455078125,
    725.60552978515625,
    0,
    0,
    1
  ],
  "cameraPoseARFrame" : [
    0.031660981476306915,
    0.3732469379901886,
    -0.92719149589538574,
    -2.7330584526062012,
    0.035171207040548325,
    0.9266660213470459,
    0.3742363452911377,
    0.60423213243484497,
    0.99887955188751221,
    -0.04445909708738327,
    0.016211496666073799,
    -0.53446608781814575,
    0,
    0,
    0,
    0.99999994039535522
  ],
  "frame_index" : 144
}