{
  "exposureDuration" : 0.01666666753590107,
  "cameraPoseARFrame" : [
    0.99794071912765503,
    -0.038517087697982788,
    0.051289226859807968,
    0.43908953666687012,
    0.021556239575147629,
    0.95451110601425171,
    0.29739463329315186,
    0.3980957567691803,
    -0.060410812497138977,
    -0.29567670822143555,
    0.95337587594985962,
    4.2489299774169922,
    0,
    0,
    0,
    0.99999994039535522
  ],
  "averageAngularVelocity" : 0.29473406076431274,
  "time" : 41607.913179208343,
  "intrinsics" : [
    1345.4415283203125,
    0,
    955.80865478515625,
    0,
    1345.4415283203125,
    726.00140380859375,
    0,
    0,
    1
  ],
  "averageVelocity" : 0.77589797973632812,
  "frame_index" : 406,
  "motionQuality" : 0.77831482887268066,
  "cameraGrain" : 0,
  "projectionMatrix" : [
    1.4015015363693237,
    0,
    0.0038451552391052246,
    0,
    0,
    1.868668794631958,
    0.0090297460556030273,
    0,
    0,
    0,
    -0.9999997615814209,
    -0.00099999981466680765,
    0,
    0,
    -1,
    0
  ]
}