{
  "time" : 41593.501548875007,
  "averageVelocity" : 0.68855303525924683,
  "frame_index" : 261,
  "motionQuality" : 0.80327057838439941,
  "cameraGrain" : 0,
  "intrinsics" : [
    1348.219970703125,
    0,
    955.964111328125,
    0,
    1348.219970703125,
    725.7158203125,
    0,
    0,
    1
  ],
  "cameraPoseARFrame" : [
    -0.7286527156829834,
    -0.16205216944217682,
    0.66543537378311157,
    2.4825220108032227,
    0.065552867949008942,
    0.95064133405685425,
    0.30328828096389771,
    0.6398959755897522,
    -0.68173903226852417,
    0.26461306214332581,
    -0.68206441402435303,
    -3.1093015670776367,
    0,
    0,
    0,
    0.99999994039535522
  ],
  "projectionMatrix" : [
    1.4043958187103271,
    0,
    0.0036832094192504883,
    0,
    0,
    1.8725277185440063,
    0.0086330771446228027,
    0,
    0,
    0,
    -0.9999997615814209,
    -0.00099999981466680765,
    0,
    0,
    -1,
    0
  ],
  "averageAngularVelocity" : 0.42852804064750671,
  "exposureDuration" : 0.01666666753590107
}