{
  "projectionMatrix" : [
    1.4053916931152344,
    0,
    0.0033634305000305176,
    0,
    0,
    1.8738555908203125,
    0.008631587028503418,
    0,
    0,
    0,
    -0.9999997615814209,
    -0.00099999981466680765,
    0,
    0,
    -1,
    0
  ],
  "cameraGrain" : 0,
  "intrinsics" : [
    1349.176025390625,
    0,
    956.2711181640625,
    0,
    1349.176025390625,
    725.7147216796875,
    0,
    0,
    1
  ],
  "cameraPoseARFrame" : [
    0.77986317873001099,
    0.20792730152606964,
    -0.59040641784667969,
    -2.3439559936523438,
    0.024819901213049889,
    0.93220281600952148,
    0.36108434200286865,
    0.43953561782836914,
    0.62545788288116455,
    -0.29625025391578674,
    0.72182989120483398,
    2.807391881942749,
    0,
    0,
    0,
    1
  ],
  "frame_index" : 27,
  "averageAngularVelocity" : 0.12638342380523682,
  "averageVelocity" : 0.36624935269355774,
  "exposureDuration" : 0.01666666753590107,
  "time" : 41570.018953250008,
  "motionQuality" : 0.89535731077194214
}