{
  "intrinsics" : [
    1348.0384521484375,
    0,
    955.96337890625,
    0,
    1348.0384521484375,
    725.9615478515625,
    0,
    0,
    1
  ],
  "time" : 41619.655473541679,
  "projectionMatrix" : [
    1.4042067527770996,
    0,
    0.0036839842796325684,
    0,
    0,
    1.8722755908966064,
    0.0089743733406066895,
    0,
    0,
    0,
    -0.9999997615814209,
    -0.00099999981466680765,
    0,
    0,
    -1,
    0
  ],
  "frame_index" : 524,
  "motionQuality" : 0.87637799978256226,
  "exposureDuration" : 0.01666666753590107,
  "cameraPoseARFrame" : [
    0.04945436492562294,
    0.32741078734397888,
    -0.94358688592910767,
    -3.802973747253418,
    -0.0020869951695203781,
    0.94477468729019165,
    0.32771354913711548,
    0.68496119976043701,
    0.99877417087554932,
    -0.014237596653401852,
    0.047406509518623352,
    0.89302277565002441,
    0,
    0,
    0,
    0.99999982118606567
  ],
  "cameraGrain" : 0,
  "averageVelocity" : 0.4326770007610321,
  "averageAngularVelocity" : 0.19904826581478119
}