{
  "frame_index" : 171,
  "cameraPoseARFrame" : [
    -0.48222705721855164,
    0.34675636887550354,
    -0.80449789762496948,
    -1.0317990779876709,
    0.0090715391561388969,
    0.92025542259216309,
    0.39121279120445251,
    0.59420925378799438,
    0.87599915266036987,
    0.18135543167591095,
    -0.44691777229309082,
    -1.9882088899612427,
    0,
    0,
    0,
    0.99999994039535522
  ],
  "averageVelocity" : 0.73795813322067261,
  "intrinsics" : [
    1352.9876708984375,
    0,
    955.9603271484375,
    0,
    1352.9876708984375,
    725.632080078125,
    0,
    0,
    1
  ],
  "time" : 41584.431375166678,
  "projectionMatrix" : [
    1.4093621969223022,
    0,
    0.0036871433258056641,
    0,
    0,
    1.8791495561599731,
    0.0085167884826660156,
    0,
    0,
    0,
    -0.9999997615814209,
    -0.00099999981466680765,
    0,
    0,
    -1,
    0
  ],
  "averageAngularVelocity" : 0.29265981912612915,
  "cameraGrain" : 0,
  "exposureDuration" : 0.01666666753590107,
  "motionQuality" : 0.78915482759475708
}