{
  "cameraGrain" : 0,
  "motionQuality" : 0.8869243860244751,
  "intrinsics" : [
    1349.2147216796875,
    0,
    956.14990234375,
    0,
    1349.2147216796875,
    725.62237548828125,
    0,
    0,
    1
  ],
  "frame_index" : 86,
  "projectionMatrix" : [
    1.4054319858551025,
    0,
    0.0034896731376647949,
    0,
    0,
    1.8739093542098999,
    0.0085033178329467773,
    0,
    0,
    0,
    -0.9999997615814209,
    -0.00099999981466680765,
    0,
    0,
    -1,
    0
  ],
  "averageVelocity" : 0.39576467871665955,
  "exposureDuration" : 0.01666666753590107,
  "cameraPoseARFrame" : [
    0.27491080760955811,
    0.31815731525421143,
    -0.90730363130569458,
    -3.5441439151763916,
    -0.0028311661444604397,
    0.94392704963684082,
    0.33014190196990967,
    0.61578398942947388,
    0.96146565675735474,
    -0.088190838694572449,
    0.26039648056030273,
    1.3195106983184814,
    0,
    0,
    0,
    0.99999994039535522
  ],
  "averageAngularVelocity" : 0.14063030481338501,
  "time" : 41575.888167333345
}