{
  "projectionMatrix" : [
    1.4031425714492798,
    0,
    0.0037060976028442383,
    0,
    0,
    1.870856761932373,
    0.0087845921516418457,
    0,
    0,
    0,
    -0.9999997615814209,
    -0.00099999981466680765,
    0,
    0,
    -1,
    0
  ],
  "cameraGrain" : 0,
  "exposureDuration" : 0.01666666753590107,
  "averageAngularVelocity" : 0.21289247274398804,
  "time" : 41587.633877500011,
  "cameraPoseARFrame" : [
    -0.9938628077507019,
    0.057115193456411362,
    -0.09473322331905365,
    -0.27505305409431458,
    0.028624560683965683,
    0.96001195907592773,
    0.2784913182258606,
    0.72264522314071655,
    0.10685115307569504,
    0.27407056093215942,
    -0.95575517416000366,
    -3.7449209690093994,
    0,
    0,
    0,
    0.99999994039535522
  ],
  "intrinsics" : [
    1347.016845703125,
    0,
    955.942138671875,
    0,
    1347.016845703125,
    725.82489013671875,
    0,
    0,
    1
  ],
  "frame_index" : 203,
  "averageVelocity" : 0.46960702538490295,
  "motionQuality" : 0.86582654714584351
}