{
  "time" : 41622.858541791677,
  "averageVelocity" : 0.79287904500961304,
  "motionQuality" : 0.77346312999725342,
  "averageAngularVelocity" : 0.24490615725517273,
  "cameraGrain" : 0,
  "frame_index" : 556,
  "exposureDuration" : 0.01666666753590107,
  "cameraPoseARFrame" : [
    -0.076914355158805847,
    0.3218880295753479,
    -0.94364839792251587,
    -2.8499200344085693,
    -0.048563480377197266,
    0.94411921501159668,
    0.32600682973861694,
    0.68679672479629517,
    0.99585437774658203,
    0.070901483297348022,
    -0.056984320282936096,
    -0.33186545968055725,
    0,
    0,
    0,
    0.99999994039535522
  ],
  "projectionMatrix" : [
    1.4060336351394653,
    0,
    0.0028436183929443359,
    0,
    0,
    1.8747113943099976,
    0.0088780522346496582,
    0,
    0,
    0,
    -0.9999997615814209,
    -0.00099999981466680765,
    0,
    0,
    -1,
    0
  ],
  "intrinsics" : [
    1349.792236328125,
    0,
    956.7701416015625,
    0,
    1349.792236328125,
    725.8922119140625,
    0,
    0,
    1
  ]
}