{
  "averageAngularVelocity" : 0.2148699015378952,
  "intrinsics" : [
    1350.861328125,
    0,
    956.2210693359375,
    0,
    1350.861328125,
    725.80047607421875,
    0,
    0,
    1
  ],
  "time" : 41625.529144416672,
  "projectionMatrix" : [
    1.4071471691131592,
    0,
    0.003415524959564209,
    0,
    0,
    1.8761962652206421,
    0.0087506771087646484,
    0,
    0,
    0,
    -0.9999997615814209,
    -0.00099999981466680765,
    0,
    0,
    -1,
    0
  ],
  "cameraGrain" : 0,
  "frame_index" : 583,
  "averageVelocity" : 0.76236939430236816,
  "exposureDuration" : 0.01666666753590107,
  "motionQuality" : 0.78218019008636475,
  "cameraPoseARFrame" : [
    -0.47256845235824585,
    0.29056158661842346,
    -0.83201730251312256,
    -1.2176395654678345,
    0.0020136544480919838,
    0.9444395899772644,
    0.32867851853370667,
    0.69341081380844116,
    0.88129162788391113,
    0.1536477655172348,
    -0.44689753651618958,
    -1.8296020030975342,
    0,
    0,
    0,
    0.99999994039535522
  ]
}