{
  "time" : 41578.557255916676,
  "intrinsics" : [
    1349.7119140625,
    0,
    957.42889404296875,
    0,
    1349.7119140625,
    725.6412353515625,
    0,
    0,
    1
  ],
  "projectionMatrix" : [
    1.4059499502182007,
    0,
    0.0021573901176452637,
    0,
    0,
    1.8745999336242676,
    0.0085294842720031738,
    0,
    0,
    0,
    -0.9999997615814209,
    -0.00099999981466680765,
    0,
    0,
    -1,
    0
  ],
  "motionQuality" : 0.75851523876190186,
  "frame_index" : 112,
  "averageVelocity" : 0.84519678354263306,
  "averageAngularVelocity" : 0.49214258790016174,
  "cameraGrain" : 0,
  "exposureDuration" : 0.01666666753590107,
  "cameraPoseARFrame" : [
    -0.13435350358486176,
    0.31090399622917175,
    -0.94089728593826294,
    -3.3740825653076172,
    -0.075068220496177673,
    0.94358420372009277,
    0.32251101732254028,
    0.65546411275863647,
    0.98808586597442627,
    0.11396201699972153,
    -0.10343493521213531,
    0.2133258730173111,
    0,
    0,
    0,
    0.99999994039535522
  ]
}