{
  "exposureDuration" : 0.01666666753590107,
  "time" : 41605.247178291676,
  "cameraPoseARFrame" : [
    0.87742483615875244,
    -0.12688218057155609,
    0.4626300036907196,
    2.2553548812866211,
    -0.0033840215764939785,
    0.96272581815719604,
    0.270457923412323,
    0.47412207722663879,
    -0.4797021746635437,
    -0.23887211084365845,
    0.84429019689559937,
    3.6879489421844482,
    0,
    0,
    0,
    0.99999994039535522
  ],
  "frame_index" : 379,
  "motionQuality" : 0.81683313846588135,
  "intrinsics" : [
    1345.4385986328125,
    0,
    955.81854248046875,
    0,
    1345.4385986328125,
    726.02618408203125,
    0,
    0,
    1
  ],
  "averageVelocity" : 0.64108395576477051,
  "averageAngularVelocity" : 0.14611968398094177,
  "cameraGrain" : 0,
  "projectionMatrix" : [
    1.401498556137085,
    0,
    0.003834843635559082,
    0,
    0,
    1.8686647415161133,
    0.0090641379356384277,
    0,
    0,
    0,
    -0.9999997615814209,
    -0.00099999981466680765,
    0,
    0,
    -1,
    0
  ]
}