{
  "intrinsics" : [
    1349.1639404296875,
    0,
    955.55633544921875,
    0,
    1349.1639404296875,
    725.61932373046875,
    0,
    0,
    1
  ],
  "cameraPoseARFrame" : [
    0.67711800336837769,
    0.17837400734424591,
    -0.71392840147018433,
    -2.9529404640197754,
    0.10269616544246674,
    0.93777722120285034,
    0.33170342445373535,
    0.56487005949020386,
    0.72867327928543091,
    -0.2979201078414917,
    0.61666750907897949,
    2.2612133026123047,
    0,
    0,
    0,
    0.99999994039535522
  ],
  "projectionMatrix" : [
    1.405379056930542,
    0,
    0.0041080117225646973,
    0,
    0,
    1.8738387823104858,
    0.0084990859031677246,
    0,
    0,
    0,
    -0.9999997615814209,
    -0.00099999981466680765,
    0,
    0,
    -1,
    0
  ],
  "frame_index" : 54,
  "averageVelocity" : 0.47113552689552307,
  "averageAngularVelocity" : 0.28623548150062561,
  "exposureDuration" : 0.01666666753590107,
  "motionQuality" : 0.86538982391357422,
  "time" : 41572.684545416676,
  "cameraGrain" : 0
}