{
  "averageVelocity" : 0.68750441074371338,
  "cameraGrain" : 0.31610521674156189,
  "intrinsics" : [
    1344.3218994140625,
    0,
    957.033935546875,
    0,
    1344.3218994140625,
    725.5869140625,
    0,
    0,
    1
  ],
  "cameraPoseARFrame" : [
    0.97794866561889648,
    0.09183143824338913,
    -0.18757206201553345,
    -0.39396119117736816,
    -0.048306375741958618,
    0.97324693202972412,
    0.22462564706802368,
    0.088007375597953796,
    0.20318162441253662,
    -0.21061146259307861,
    0.95622158050537109,
    4.3997206687927246,
    0,
    0,
    0,
    0.99999988079071045
  ],
  "averageAngularVelocity" : 0.10273973643779755,
  "exposureDuration" : 0.0099999997764825821,
  "motionQuality" : 0.80357015132904053,
  "time" : 88307.661700541692,
  "projectionMatrix" : [
    1.4003353118896484,
    0,
    0.0025688409805297852,
    0,
    0,
    1.8671137094497681,
    0.0084540247917175293,
    0,
    0,
    0,
    -0.9999997615814209,
    -0.00099999981466680765,
    0,
    0,
    -1,
    0
  ],
  "frame_index" : 576
}