{
  "averageVelocity" : 0.85516250133514404,
  "cameraGrain" : 0.35733872652053833,
  "intrinsics" : [
    1344.85791015625,
    0,
    957.59783935546875,
    0,
    1344.85791015625,
    725.42694091796875,
    0,
    0,
    1
  ],
  "cameraPoseARFrame" : [
    0.96415537595748901,
    0.070357494056224823,
    -0.25584033131599426,
    -0.7621644139289856,
    -0.027772126719355583,
    0.98566681146621704,
    0.16640223562717438,
    0.011151152662932873,
    0.26388096809387207,
    -0.15333238244056702,
    0.95228981971740723,
    3.8589506149291992,
    0,
    0,
    0,
    1.0000001192092896
  ],
  "averageAngularVelocity" : 0.37044224143028259,
  "exposureDuration" : 0.0099999997764825821,
  "motionQuality" : 0.75566786527633667,
  "time" : 88272.033338041685,
  "projectionMatrix" : [
    1.4008936882019043,
    0,
    0.0019814372062683105,
    0,
    0,
    1.8678581714630127,
    0.0082318782806396484,
    0,
    0,
    0,
    -0.9999997615814209,
    -0.00099999981466680765,
    0,
    0,
    -1,
    0
  ],
  "frame_index" : 159
}