{
  "averageVelocity" : 0.78477418422698975,
  "cameraGrain" : 0.34508523344993591,
  "intrinsics" : [
    1343.4791259765625,
    0,
    956.87554931640625,
    0,
    1343.4791259765625,
    725.4818115234375,
    0,
    0,
    1
  ],
  "cameraPoseARFrame" : [
    -0.98616898059844971,
    -0.069008603692054749,
    0.15069399774074554,
    0.39833554625511169,
    -0.043804638087749481,
    0.98539012670516968,
    0.16458265483379364,
    0.078332781791687012,
    -0.15985007584095001,
    0.15570519864559174,
    -0.97478395700454712,
    -4.8579769134521484,
    0,
    0,
    0,
    1
  ],
  "averageAngularVelocity" : 0.10474587231874466,
  "exposureDuration" : 0.0099999997764825821,
  "motionQuality" : 0.77577877044677734,
  "time" : 88288.816276875019,
  "frame_index" : 362,
  "projectionMatrix" : [
    1.3994574546813965,
    0,
    0.0027338266372680664,
    0,
    0,
    1.8659431934356689,
    0.0083080530166625977,
    0,
    0,
    0,
    -0.9999997615814209,
    -0.00099999981466680765,
    0,
    0,
    -1,
    0
  ]
}