{
  "averageVelocity" : 0.73061496019363403,
  "cameraGrain" : 0.32351934909820557,
  "intrinsics" : [
    1343.8514404296875,
    0,
    955.9405517578125,
    0,
    1343.8514404296875,
    725.429443359375,
    0,
    0,
    1
  ],
  "cameraPoseARFrame" : [
    -0.16848725080490112,
    -0.2089945524930954,
    0.96329289674758911,
    4.5920476913452148,
    0.069869823753833771,
    0.97227364778518677,
    0.22316375374794006,
    0.051015973091125488,
    -0.98322445154190063,
    0.10490534454584122,
    -0.14921322464942932,
    -0.19769620895385742,
    0,
    0,
    0,
    1
  ],
  "averageAngularVelocity" : 0.2288394421339035,
  "exposureDuration" : 0.0099999997764825821,
  "motionQuality" : 0.79125285148620605,
  "time" : 88296.685295666684,
  "frame_index" : 451,
  "projectionMatrix" : [
    1.3998452425003052,
    0,
    0.0037077665328979492,
    0,
    0,
    1.8664603233337402,
    0.0082353353500366211,
    0,
    0,
    0,
    -0.9999997615814209,
    -0.00099999981466680765,
    0,
    0,
    -1,
    0
  ]
}