{
  "motionQuality" : 0.78022074699401855,
  "exposureDuration" : 0.0099999997764825821,
  "frame_index" : 546,
  "cameraPoseARFrame" : [
    0.98969721794128418,
    0.013415920548141003,
    0.1425463855266571,
    1.3220982551574707,
    -0.0390499047935009,
    0.98314791917800903,
    0.17859271168708801,
    0.11020791530609131,
    -0.13774818181991577,
    -0.18231913447380066,
    0.97354257106781006,
    4.8241033554077148,
    0,
    0,
    0,
    1
  ],
  "averageVelocity" : 0.76922726631164551,
  "time" : 88305.059361875014,
  "averageAngularVelocity" : 0.18354138731956482,
  "projectionMatrix" : [
    1.4003105163574219,
    0,
    0.0027177929878234863,
    0,
    0,
    1.8670806884765625,
    0.0084441900253295898,
    0,
    0,
    0,
    -0.9999997615814209,
    -0.00099999981466680765,
    0,
    0,
    -1,
    0
  ],
  "intrinsics" : [
    1344.298095703125,
    0,
    956.89093017578125,
    0,
    1344.298095703125,
    725.579833984375,
    0,
    0,
    1
  ],
  "cameraGrain" : 0.25665587186813354
}