{
  "averageVelocity" : 0.93638688325881958,
  "cameraGrain" : 0.39961397647857666,
  "intrinsics" : [
    1343.7293701171875,
    0,
    956.62860107421875,
    0,
    1343.7293701171875,
    725.5264892578125,
    0,
    0,
    1
  ],
  "cameraPoseARFrame" : [
    -0.8829798698425293,
    -0.12501092255115509,
    0.45245888829231262,
    2.1771433353424072,
    -0.019735695794224739,
    0.97292047739028931,
    0.23029600083827972,
    0.060806471854448318,
    -0.46899604797363281,
    0.19441711902618408,
    -0.86153626441955566,
    -3.6352181434631348,
    0,
    0,
    0,
    1.0000001192092896
  ],
  "averageAngularVelocity" : 0.23607419431209564,
  "exposureDuration" : 0.0099999997764825821,
  "motionQuality" : 0.73246085643768311,
  "time" : 88291.482527708358,
  "frame_index" : 393,
  "projectionMatrix" : [
    1.3997180461883545,
    0,
    0.002991020679473877,
    0,
    0,
    1.866290807723999,
    0.0083701014518737793,
    0,
    0,
    0,
    -0.9999997615814209,
    -0.00099999981466680765,
    0,
    0,
    -1,
    0
  ]
}