{
  "averageVelocity" : 1.0959728956222534,
  "cameraGrain" : 0.40001592040061951,
  "intrinsics" : [
    1344.449951171875,
    0,
    957.3475341796875,
    0,
    1344.449951171875,
    725.26446533203125,
    0,
    0,
    1
  ],
  "cameraPoseARFrame" : [
    0.79044538736343384,
    0.21224100887775421,
    -0.57458657026290894,
    -2.1872005462646484,
    -0.08699682354927063,
    0.9674411416053772,
    0.23767423629760742,
    0.022886157035827637,
    0.60632294416427612,
    -0.1378813236951828,
    0.78317368030548096,
    2.8994648456573486,
    0,
    0,
    0,
    1
  ],
  "averageAngularVelocity" : 0.42376777529716492,
  "exposureDuration" : 0.0099999997764825821,
  "motionQuality" : 0.68686485290527344,
  "time" : 88310.274337375013,
  "frame_index" : 608,
  "projectionMatrix" : [
    1.4004687070846558,
    0,
    0.0022421479225158691,
    0,
    0,
    1.8672915697097778,
    0.0080062150955200195,
    0,
    0,
    0,
    -0.9999997615814209,
    -0.00099999981466680765,
    0,
    0,
    -1,
    0
  ]
}