{
  "time" : 88264.193253458347,
  "projectionMatrix" : [
    1.4004098176956177,
    0,
    0.002591252326965332,
    0,
    0,
    1.8672131299972534,
    0.0080325007438659668,
    0,
    0,
    0,
    -0.9999997615814209,
    -0.00099999981466680765,
    0,
    0,
    -1,
    0
  ],
  "cameraPoseARFrame" : [
    0.80071574449539185,
    -0.14452634751796722,
    0.581348717212677,
    3.3798737525939941,
    0.021214636042714119,
    0.97669273614883423,
    0.21359114348888397,
    -0.0039460659027099609,
    -0.59866863489151001,
    -0.15869268774986267,
    0.78511923551559448,
    3.7114980220794678,
    0,
    0,
    0,
    1
  ],
  "exposureDuration" : 0.0099999997764825821,
  "motionQuality" : 0.81927347183227539,
  "averageVelocity" : 0.63254296779632568,
  "frame_index" : 63,
  "intrinsics" : [
    1344.3934326171875,
    0,
    957.01239013671875,
    0,
    1344.3934326171875,
    725.28338623046875,
    0,
    0,
    1
  ],
  "cameraGrain" : 0.24097481369972229,
  "averageAngularVelocity" : 0.19848118722438812
}