{
  "averageVelocity" : 0.54609125852584839,
  "cameraGrain" : 0.28681638836860657,
  "intrinsics" : [
    1344.3636474609375,
    0,
    957.279296875,
    0,
    1344.3636474609375,
    725.59619140625,
    0,
    0,
    1
  ],
  "cameraPoseARFrame" : [
    0.98882263898849487,
    0.09464622288942337,
    -0.11520378291606903,
    -0.056388981640338898,
    -0.07250252366065979,
    0.98040765523910522,
    0.18315133452415466,
    0.068360999226570129,
    0.13028118014335632,
    -0.17275163531303406,
    0.97631120681762695,
    4.7793822288513184,
    0,
    0,
    0,
    1.0000001192092896
  ],
  "averageAngularVelocity" : 0.10046961158514023,
  "exposureDuration" : 0.0099999997764825821,
  "motionQuality" : 0.84397393465042114,
  "time" : 88269.430808208359,
  "projectionMatrix" : [
    1.4003788232803345,
    0,
    0.0023132562637329102,
    0,
    0,
    1.8671717643737793,
    0.0084669589996337891,
    0,
    0,
    0,
    -0.9999997615814209,
    -0.00099999981466680765,
    0,
    0,
    -1,
    0
  ],
  "frame_index" : 127
}