{
  "exposureDuration" : 0.0099999997764825821,
  "frame_index" : 95,
  "averageVelocity" : 0.69762945175170898,
  "averageAngularVelocity" : 0.17220644652843475,
  "projectionMatrix" : [
    1.400316596031189,
    0,
    0.002716362476348877,
    0,
    0,
    1.867088794708252,
    0.0083284378051757812,
    0,
    0,
    0,
    -0.9999997615814209,
    -0.00099999981466680765,
    0,
    0,
    -1,
    0
  ],
  "intrinsics" : [
    1344.303955078125,
    0,
    956.89227294921875,
    0,
    1344.303955078125,
    725.4964599609375,
    0,
    0,
    1
  ],
  "time" : 88266.796559000024,
  "cameraPoseARFrame" : [
    0.96337211132049561,
    -0.029248574748635292,
    0.26656866073608398,
    1.7202621698379517,
    -0.026570329442620277,
    0.9787324070930481,
    0.20341335237026215,
    0.048168618232011795,
    -0.26684889197349548,
    -0.2030455619096756,
    0.94210624694824219,
    4.7093534469604492,
    0,
    0,
    0,
    1.0000001192092896
  ],
  "cameraGrain" : 0.25079765915870667,
  "motionQuality" : 0.80067729949951172
}