{
  "intrinsics" : [
    1344.864013671875,
    0,
    957.06060791015625,
    0,
    1344.864013671875,
    725.42034912109375,
    0,
    0,
    1
  ],
  "averageVelocity" : 0.98451268672943115,
  "exposureDuration" : 0.0099999997764825821,
  "time" : 88312.943106333347,
  "frame_index" : 641,
  "projectionMatrix" : [
    1.4009000062942505,
    0,
    0.0025410056114196777,
    0,
    0,
    1.8678666353225708,
    0.0082226991653442383,
    0,
    0,
    0,
    -0.9999997615814209,
    -0.00099999981466680765,
    0,
    0,
    -1,
    0
  ],
  "cameraGrain" : 0.32071313261985779,
  "cameraPoseARFrame" : [
    0.44436129927635193,
    0.15770843625068665,
    -0.88185656070709229,
    -3.9502224922180176,
    -0.003262573154643178,
    0.98466068506240845,
    0.17444959282875061,
    0.047504305839538574,
    0.89584165811538696,
    -0.074641533195972443,
    0.43805965781211853,
    1.263154149055481,
    0,
    0,
    0,
    1
  ],
  "averageAngularVelocity" : 0.059867918491363525,
  "motionQuality" : 0.71871066093444824
}