{
  "intrinsics" : [
    1344.3160400390625,
    0,
    956.1541748046875,
    0,
    1344.3160400390625,
    725.6514892578125,
    0,
    0,
    1
  ],
  "averageAngularVelocity" : 0.28080072999000549,
  "time" : 88299.254312000019,
  "frame_index" : 480,
  "exposureDuration" : 0.0099999997764825821,
  "cameraGrain" : 0.23774152994155884,
  "averageVelocity" : 0.79358851909637451,
  "cameraPoseARFrame" : [
    0.29135191440582275,
    -0.22104425728321075,
    0.93072724342346191,
    4.7160539627075195,
    0.0086899250745773315,
    0.97350865602493286,
    0.2284843921661377,
    0.056412141770124435,
    -0.95657628774642944,
    -0.058481443673372269,
    0.28555449843406677,
    1.7158130407333374,
    0,
    0,
    0,
    0.99999988079071045
  ],
  "projectionMatrix" : [
    1.4003292322158813,
    0,
    0.003485262393951416,
    0,
    0,
    1.8671056032180786,
    0.0085437297821044922,
    0,
    0,
    0,
    -0.9999997615814209,
    -0.00099999981466680765,
    0,
    0,
    -1,
    0
  ],
  "motionQuality" : 0.77326041460037231
}