{
  "cameraPoseARFrame" : [
    -0.27250096201896667,
    0.18090289831161499,
    -0.94499582052230835,
    -4.5724577903747559,
    -0.009024105966091156,
    0.98164170980453491,
    0.19052031636238098,
    0.047089219093322754,
    0.9621131420135498,
    0.060444697737693787,
    -0.26586571335792542,
    -1.267112135887146,
    0,
    0,
    0,
    1
  ],
  "averageAngularVelocity" : 0.086680881679058075,
  "exposureDuration" : 0.0099999997764825821,
  "frame_index" : 263,
  "projectionMatrix" : [
    1.400412917137146,
    0,
    0.0028787851333618164,
    0,
    0,
    1.8672171831130981,
    0.0084472894668579102,
    0,
    0,
    0,
    -0.9999997615814209,
    -0.00099999981466680765,
    0,
    0,
    -1,
    0
  ],
  "motionQuality" : 0.77546453475952148,
  "time" : 88280.374201166691,
  "cameraGrain" : 0.287698894739151,
  "averageVelocity" : 0.7858741283416748,
  "intrinsics" : [
    1344.3963623046875,
    0,
    956.73638916015625,
    0,
    1344.3963623046875,
    725.58203125,
    0,
    0,
    1
  ]
}