{
  "motionQuality" : 0.77990245819091797,
  "projectionMatrix" : [
    1.400282621383667,
    0,
    0.0028780102729797363,
    0,
    0,
    1.8670436143875122,
    0.0083488225936889648,
    0,
    0,
    0,
    -0.9999997615814209,
    -0.00099999981466680765,
    0,
    0,
    -1,
    0
  ],
  "cameraPoseARFrame" : [
    -0.95175367593765259,
    0.034876082092523575,
    -0.30487462878227234,
    -1.6021876335144043,
    -0.018807755783200264,
    0.98502272367477417,
    0.17139531672000885,
    0.073334097862243652,
    0.3062860369682312,
    0.16886013746261597,
    -0.93684303760528564,
    -4.290827751159668,
    0,
    0,
    0,
    1
  ],
  "averageVelocity" : 0.77034145593643188,
  "frame_index" : 327,
  "intrinsics" : [
    1344.2713623046875,
    0,
    956.73712158203125,
    0,
    1344.2713623046875,
    725.51116943359375,
    0,
    0,
    1
  ],
  "averageAngularVelocity" : 0.14478620886802673,
  "time" : 88285.677185291686,
  "cameraGrain" : 0.29104980826377869,
  "exposureDuration" : 0.0099999997764825821
}