{
  "averageVelocity" : 0.70557063817977905,
  "cameraGrain" : 0.40821671485900879,
  "intrinsics" : [
    1345.57861328125,
    0,
    956.2320556640625,
    0,
    1345.57861328125,
    725.34771728515625,
    0,
    0,
    1
  ],
  "cameraPoseARFrame" : [
    -0.60004621744155884,
    -0.17680196464061737,
    0.78018295764923096,
    3.1782660484313965,
    0.048519626259803772,
    0.96543192863464355,
    0.25609922409057617,
    -0.0190887451171875,
    -0.798492431640625,
    0.19152559340000153,
    -0.57072544097900391,
    -1.552764892578125,
    0,
    0,
    0,
    1
  ],
  "averageAngularVelocity" : 0.64289706945419312,
  "exposureDuration" : 0.0099999997764825821,
  "motionQuality" : 0.7984083890914917,
  "time" : 88294.083683791687,
  "frame_index" : 422,
  "projectionMatrix" : [
    1.4016443490982056,
    0,
    0.003404080867767334,
    0,
    0,
    1.8688591718673706,
    0.0081218481063842773,
    0,
    0,
    0,
    -0.9999997615814209,
    -0.00099999981466680765,
    0,
    0,
    -1,
    0
  ]
}