{
  "cameraPoseARFrame" : [
    0.79878944158554077,
    -0.076205462217330933,
    0.59676456451416016,
    3.086268424987793,
    -0.015949727967381477,
    0.98891377449035645,
    0.14763125777244568,
    0.12194490432739258,
    -0.6013990044593811,
    -0.12744453549385071,
    0.78871852159500122,
    3.7057092189788818,
    0,
    0,
    0,
    1
  ],
  "motionQuality" : 0.76459550857543945,
  "averageAngularVelocity" : 0.38169881701469421,
  "time" : 88302.390810541692,
  "intrinsics" : [
    1344.3427734375,
    0,
    956.8857421875,
    0,
    1344.3427734375,
    725.40301513671875,
    0,
    0,
    1
  ],
  "averageVelocity" : 0.82391577959060669,
  "cameraGrain" : 0.24952365458011627,
  "frame_index" : 516,
  "projectionMatrix" : [
    1.4003570079803467,
    0,
    0.0027231574058532715,
    0,
    0,
    1.8671427965164185,
    0.0081986188888549805,
    0,
    0,
    0,
    -0.9999997615814209,
    -0.00099999981466680765,
    0,
    0,
    -1,
    0
  ],
  "exposureDuration" : 0.0099999997764825821
}