{
  "averageVelocity" : 0.99102365970611572,
  "cameraGrain" : 0.36966720223426819,
  "intrinsics" : [
    1344.3963623046875,
    0,
    957.35137939453125,
    0,
    1344.3963623046875,
    725.56719970703125,
    0,
    0,
    1
  ],
  "cameraPoseARFrame" : [
    0.68594187498092651,
    0.19232738018035889,
    -0.7017790675163269,
    -3.2496552467346191,
    -0.029277661815285683,
    0.97095131874084473,
    0.23747894167900085,
    -0.035168290138244629,
    0.72706699371337891,
    -0.14235030114650726,
    0.67164707183837891,
    2.5357649326324463,
    0,
    0,
    0,
    1
  ],
  "averageAngularVelocity" : 0.16400380432605743,
  "exposureDuration" : 0.0099999997764825821,
  "motionQuality" : 0.7168503999710083,
  "time" : 88275.168611125016,
  "projectionMatrix" : [
    1.400412917137146,
    0,
    0.002238154411315918,
    0,
    0,
    1.8672171831130981,
    0.008426666259765625,
    0,
    0,
    0,
    -0.9999997615814209,
    -0.00099999981466680765,
    0,
    0,
    -1,
    0
  ],
  "frame_index" : 197
}