{
  "cameraPoseARFrame" : [
    0.69780933856964111,
    -0.15002438426017761,
    0.70039606094360352,
    3.7338194847106934,
    0.0029072440229356289,
    0.97840476036071777,
    0.2066771388053894,
    -0.079587101936340332,
    -0.7162775993347168,
    -0.14218500256538391,
    0.68317604064941406,
    3.2274661064147949,
    0,
    0,
    0,
    1
  ],
  "averageAngularVelocity" : 0.03971099853515625,
  "exposureDuration" : 0.0099999997764825821,
  "frame_index" : 30,
  "projectionMatrix" : [
    1.4003788232803345,
    0,
    0.0030548572540283203,
    0,
    0,
    1.8671717643737793,
    0.0081642270088195801,
    0,
    0,
    0,
    -0.9999997615814209,
    -0.00099999981466680765,
    0,
    0,
    -1,
    0
  ],
  "motionQuality" : 0.98865401744842529,
  "time" : 88261.559451083347,
  "cameraGrain" : 0.25439006090164185,
  "averageVelocity" : 0.014896966516971588,
  "intrinsics" : [
    1344.3636474609375,
    0,
    956.56732177734375,
    0,
    1344.3636474609375,
    725.37823486328125,
    0,
    0,
    1
  ]
}