{
  "time" : 88283.010493791691,
  "projectionMatrix" : [
    1.4008752107620239,
    0,
    0.0024011731147766113,
    0,
    0,
    1.8678336143493652,
    0.0082019567489624023,
    0,
    0,
    0,
    -0.9999997615814209,
    -0.00099999981466680765,
    0,
    0,
    -1,
    0
  ],
  "cameraGrain" : 0.27069231867790222,
  "averageVelocity" : 0.89927583932876587,
  "intrinsics" : [
    1344.8402099609375,
    0,
    957.19488525390625,
    0,
    1344.8402099609375,
    725.4053955078125,
    0,
    0,
    1
  ],
  "averageAngularVelocity" : 0.16055303812026978,
  "exposureDuration" : 0.0099999997764825821,
  "motionQuality" : 0.74306404590606689,
  "cameraPoseARFrame" : [
    -0.70963048934936523,
    0.089487947523593903,
    -0.69886785745620728,
    -3.3439927101135254,
    -0.060086164623498917,
    0.98060160875320435,
    0.18657460808753967,
    0.046440880745649338,
    0.70200711488723755,
    0.17439134418964386,
    -0.69048786163330078,
    -3.0759286880493164,
    0,
    0,
    0,
    0.99999988079071045
  ],
  "frame_index" : 297
}