{
  "frame_index" : 230,
  "intrinsics" : [
    1344.3397216796875,
    0,
    956.68328857421875,
    0,
    1344.3397216796875,
    725.370849609375,
    0,
    0,
    1
  ],
  "projectionMatrix" : [
    1.4003539085388184,
    0,
    0.0029340982437133789,
    0,
    0,
    1.8671385049819946,
    0.0081539750099182129,
    0,
    0,
    0,
    -0.9999997615814209,
    -0.00099999981466680765,
    0,
    0,
    -1,
    0
  ],
  "time" : 88277.771916541693,
  "cameraPoseARFrame" : [
    0.20838728547096252,
    0.16491419076919556,
    -0.96404248476028442,
    -4.5522909164428711,
    0.015549540519714355,
    0.98499864339828491,
    0.1718602180480957,
    0.0083857355639338493,
    0.97792279720306396,
    -0.050803899765014648,
    0.20269681513309479,
    0.90321958065032959,
    0,
    0,
    0,
    1.0000001192092896
  ],
  "averageVelocity" : 0.7299349308013916,
  "averageAngularVelocity" : 0.27785646915435791,
  "motionQuality" : 0.79144716262817383,
  "cameraGrain" : 0.29752740263938904,
  "exposureDuration" : 0.0099999997764825821
}