{
  "exposureDuration" : 0.0099999997764825821,
  "intrinsics" : [
    1345.474365234375,
    0,
    955.5645751953125,
    0,
    1345.474365234375,
    725.7115478515625,
    0,
    0,
    1
  ],
  "motionQuality" : 0.87618935108184814,
  "projectionMatrix" : [
    1.4015357494354248,
    0,
    0.004099428653717041,
    0,
    0,
    1.868714451789856,
    0.0086271762847900391,
    0,
    0,
    0,
    -0.9999997615814209,
    -0.00099999981466680765,
    0,
    0,
    -1,
    0
  ],
  "time" : 41844.500398916673,
  "cameraPoseARFrame" : [
    -0.6990770697593689,
    0.22277365624904633,
    -0.67945778369903564,
    -2.2604906558990479,
    0.021308789029717445,
    0.95629769563674927,
    0.2916170060634613,
    0.019277835264801979,
    0.71472859382629395,
    0.18938435614109039,
    -0.67327284812927246,
    -3.8533704280853271,
    0,
    0,
    0,
    0.99999988079071045
  ],
  "cameraGrain" : 0.068755343556404114,
  "averageVelocity" : 0.43333736062049866,
  "averageAngularVelocity" : 0.24436704814434052,
  "frame_index" : 176
}