{
  "cameraPoseARFrame" : [
    0.37990549206733704,
    0.28894603252410889,
    -0.87873870134353638,
    -2.2757577896118164,
    -0.015108249150216579,
    0.95177340507507324,
    0.30642944574356079,
    0.14027988910675049,
    0.92490184307098389,
    -0.10313805192708969,
    0.36594951152801514,
    -0.89095914363861084,
    0,
    0,
    0,
    1
  ],
  "averageAngularVelocity" : 0.38253021240234375,
  "exposureDuration" : 0.0099999997764825821,
  "averageVelocity" : 0.80460596084594727,
  "motionQuality" : 0.77011257410049438,
  "intrinsics" : [
    1347.975830078125,
    0,
    955.80084228515625,
    0,
    1347.975830078125,
    725.969970703125,
    0,
    0,
    1
  ],
  "cameraGrain" : 0.1417972594499588,
  "time" : 41876.524507291673,
  "frame_index" : 498,
  "projectionMatrix" : [
    1.4041415452957153,
    0,
    0.0038532614707946777,
    0,
    0,
    1.8721886873245239,
    0.008986055850982666,
    0,
    0,
    0,
    -0.9999997615814209,
    -0.00099999981466680765,
    0,
    0,
    -1,
    0
  ]
}