{
  "averageAngularVelocity" : 0.34309679269790649,
  "projectionMatrix" : [
    1.4021003246307373,
    0,
    0.0042082667350769043,
    0,
    0,
    1.8694671392440796,
    0.0091474652290344238,
    0,
    0,
    0,
    -0.9999997615814209,
    -0.00099999981466680765,
    0,
    0,
    -1,
    0
  ],
  "intrinsics" : [
    1346.016357421875,
    0,
    955.4600830078125,
    0,
    1346.016357421875,
    726.086181640625,
    0,
    0,
    1
  ],
  "exposureDuration" : 0.0099999997764825821,
  "frame_index" : 526,
  "cameraGrain" : 0.11382070183753967,
  "cameraPoseARFrame" : [
    -0.39213311672210693,
    0.27030673623085022,
    -0.87929832935333252,
    -2.7534356117248535,
    0.067453257739543915,
    0.96173006296157837,
    0.2655656635761261,
    0.17877459526062012,
    0.91743206977844238,
    0.044825553894042969,
    -0.39535921812057495,
    -2.6871533393859863,
    0,
    0,
    0,
    1
  ],
  "time" : 41879.193394791677,
  "motionQuality" : 0.81787526607513428,
  "averageVelocity" : 0.63743650913238525
}