{
  "cameraPoseARFrame" : [
    0.98211187124252319,
    -0.075683444738388062,
    0.17241804301738739,
    1.1136230230331421,
    0.01488042064011097,
    0.94399946928024292,
    0.3296109139919281,
    0.048322319984436035,
    -0.18770866096019745,
    -0.32114920020103455,
    0.92823934555053711,
    2.9755864143371582,
    0,
    0,
    0,
    1
  ],
  "projectionMatrix" : [
    1.4037598371505737,
    0,
    0.0034908056259155273,
    0,
    0,
    1.8716799020767212,
    0.0086690187454223633,
    0,
    0,
    0,
    -0.9999997615814209,
    -0.00099999981466680765,
    0,
    0,
    -1,
    0
  ],
  "motionQuality" : 0.91333776712417603,
  "frame_index" : 23,
  "averageAngularVelocity" : 0.15716983377933502,
  "cameraGrain" : 0,
  "exposureDuration" : 0.01666666753590107,
  "intrinsics" : [
    1347.6094970703125,
    0,
    956.1488037109375,
    0,
    1347.6094970703125,
    725.74169921875,
    0,
    0,
    1
  ],
  "time" : 41829.020012708344,
  "averageVelocity" : 0.30331778526306152
}