{
  "intrinsics" : [
    1349.065673828125,
    0,
    955.16412353515625,
    0,
    1349.065673828125,
    725.06793212890625,
    0,
    0,
    1
  ],
  "time" : 41857.843803375006,
  "motionQuality" : 0.74017584323883057,
  "cameraPoseARFrame" : [
    -0.93460714817047119,
    -0.00051255582366138697,
    0.3556811511516571,
    1.977234959602356,
    0.21663875877857208,
    0.79228717088699341,
    0.57039338350296021,
    -0.10947432368993759,
    -0.28209397196769714,
    0.61014807224273682,
    -0.74036628007888794,
    -1.1291476488113403,
    0,
    0,
    0,
    1.0000001192092896
  ],
  "cameraGrain" : 0.19657309353351593,
  "averageVelocity" : 0.90938460826873779,
  "exposureDuration" : 0.0099999997764825821,
  "frame_index" : 310,
  "projectionMatrix" : [
    1.4052767753601074,
    0,
    0.0045165419578552246,
    0,
    0,
    1.8737022876739502,
    0.0077332258224487305,
    0,
    0,
    0,
    -0.9999997615814209,
    -0.00099999981466680765,
    0,
    0,
    -1,
    0
  ],
  "averageAngularVelocity" : 0.6069151759147644
}