{
  "frame_index" : 417,
  "time" : 41868.518458416678,
  "averageVelocity" : 0.62891674041748047,
  "exposureDuration" : 0.0099999997764825821,
  "cameraGrain" : 0.05789446085691452,
  "motionQuality" : 0.82030951976776123,
  "intrinsics" : [
    1347.1807861328125,
    0,
    955.83270263671875,
    0,
    1347.1807861328125,
    725.81329345703125,
    0,
    0,
    1
  ],
  "cameraPoseARFrame" : [
    0.95297485589981079,
    -0.073899939656257629,
    0.29390051960945129,
    1.2829387187957764,
    -0.021502107381820679,
    0.95087903738021851,
    0.3088148832321167,
    0.20219659805297852,
    -0.30228528380393982,
    -0.30061236023902893,
    0.90457481145858765,
    2.9488315582275391,
    0,
    0,
    0,
    1
  ],
  "projectionMatrix" : [
    1.4033132791519165,
    0,
    0.0038201212882995605,
    0,
    0,
    1.871084451675415,
    0.0087684392929077148,
    0,
    0,
    0,
    -0.9999997615814209,
    -0.00099999981466680765,
    0,
    0,
    -1,
    0
  ],
  "averageAngularVelocity" : 0.15124072134494781
}