{
  "cameraPoseARFrame" : [
    -0.84198504686355591,
    0.22855018079280853,
    -0.48869818449020386,
    -1.4276419878005981,
    0.080913051962852478,
    0.94908428192138672,
    0.30445340275764465,
    0.0087035894393920898,
    0.53339880704879761,
    0.21680314838886261,
    -0.81760746240615845,
    -4.4316444396972656,
    0,
    0,
    0,
    1
  ],
  "intrinsics" : [
    1349.360595703125,
    0,
    956.33929443359375,
    0,
    1349.360595703125,
    725.56561279296875,
    0,
    0,
    1
  ],
  "time" : 41847.168132166677,
  "averageVelocity" : 0.71286880970001221,
  "exposureDuration" : 0.0099999997764825821,
  "projectionMatrix" : [
    1.4055839776992798,
    0,
    0.003292381763458252,
    0,
    0,
    1.8741118907928467,
    0.0084244608879089355,
    0,
    0,
    0,
    -0.9999997615814209,
    -0.00099999981466680765,
    0,
    0,
    -1,
    0
  ],
  "frame_index" : 203,
  "motionQuality" : 0.79632318019866943,
  "cameraGrain" : 0.072116799652576447,
  "averageAngularVelocity" : 0.37879472970962524
}