{
  "projectionMatrix" : [
    1.404746413230896,
    0,
    0.0040655732154846191,
    0,
    0,
    1.872995138168335,
    0.0084714889526367188,
    0,
    0,
    0,
    -0.9999997615814209,
    -0.00099999981466680765,
    0,
    0,
    -1,
    0
  ],
  "time" : 41849.837085750012,
  "cameraPoseARFrame" : [
    -0.99499815702438354,
    0.086769893765449524,
    -0.049491692334413528,
    0.11806674301624298,
    0.065428726375102997,
    0.94048517942428589,
    0.33347630500793457,
    -0.073384501039981842,
    0.075482003390789032,
    0.32857018709182739,
    -0.94145834445953369,
    -4.8986415863037109,
    0,
    0,
    0,
    0.99999988079071045
  ],
  "motionQuality" : 0.83157873153686523,
  "averageVelocity" : 0.58947432041168213,
  "averageAngularVelocity" : 0.37706062197685242,
  "cameraGrain" : 0,
  "exposureDuration" : 0.0099999997764825821,
  "intrinsics" : [
    1348.5565185546875,
    0,
    955.5970458984375,
    0,
    1348.5565185546875,
    725.5994873046875,
    0,
    0,
    1
  ],
  "frame_index" : 232
}