{
  "intrinsics" : [
    1347.6124267578125,
    0,
    956.4571533203125,
    0,
    1347.6124267578125,
    725.510986328125,
    0,
    0,
    1
  ],
  "motionQuality" : 0.90327155590057373,
  "exposureDuration" : 0.0099999997764825821,
  "frame_index" : 391,
  "time" : 41865.849797666677,
  "averageVelocity" : 0.33854961395263672,
  "projectionMatrix" : [
    1.4037629365921021,
    0,
    0.0031696557998657227,
    0,
    0,
    1.8716839551925659,
    0.0083485841751098633,
    0,
    0,
    0,
    -0.9999997615814209,
    -0.00099999981466680765,
    0,
    0,
    -1,
    0
  ],
  "averageAngularVelocity" : 0.18509580194950104,
  "cameraGrain" : 0.10067002475261688,
  "cameraPoseARFrame" : [
    0.73586010932922363,
    -0.26068660616874695,
    0.62494170665740967,
    2.4096460342407227,
    0.075833424925804138,
    0.94884341955184937,
    0.30650526285171509,
    0.099819660186767578,
    -0.67287367582321167,
    -0.17815357446670532,
    0.71798485517501831,
    2.0752334594726562,
    0,
    0,
    0,
    1
  ]
}