{
  "motionQuality" : 0.7754254937171936,
  "cameraGrain" : 0,
  "projectionMatrix" : [
    1.4039212465286255,
    0,
    0.0037303566932678223,
    0,
    0,
    1.8718949556350708,
    0.0084987282752990723,
    0,
    0,
    0,
    -0.9999997615814209,
    -0.00099999981466680765,
    0,
    0,
    -1,
    0
  ],
  "cameraPoseARFrame" : [
    0.93960422277450562,
    0.12586934864521027,
    -0.31827762722969055,
    -0.56979906558990479,
    -0.022592844441533089,
    0.95070332288742065,
    0.30927741527557373,
    0.16160976886749268,
    0.34151604771614075,
    -0.28340765833854675,
    0.89612871408462524,
    2.7325363159179688,
    0,
    0,
    0,
    1
  ],
  "frame_index" : 444,
  "intrinsics" : [
    1347.764404296875,
    0,
    955.91888427734375,
    0,
    1347.764404296875,
    725.61907958984375,
    0,
    0,
    1
  ],
  "averageVelocity" : 0.7860107421875,
  "exposureDuration" : 0.0099999997764825821,
  "time" : 41871.186988875008,
  "averageAngularVelocity" : 0.24995225667953491
}