{
  "exposureDuration" : 0.0099999997764825821,
  "frame_index" : 258,
  "motionQuality" : 0.90070313215255737,
  "cameraPoseARFrame" : [
    -0.89243853092193604,
    -0.19322881102561951,
    0.40769603848457336,
    1.4513039588928223,
    -0.028160974383354187,
    0.92573904991149902,
    0.37711301445960999,
    -0.02195274829864502,
    -0.45028921961784363,
    0.3250691294670105,
    -0.83160674571990967,
    -4.334622859954834,
    0,
    0,
    0,
    1
  ],
  "averageAngularVelocity" : 0.17151021957397461,
  "cameraGrain" : 0.14708781242370605,
  "projectionMatrix" : [
    1.4042624235153198,
    0,
    0.0038818120956420898,
    0,
    0,
    1.8723498582839966,
    0.0087424516677856445,
    0,
    0,
    0,
    -0.9999997615814209,
    -0.00099999981466680765,
    0,
    0,
    -1,
    0
  ],
  "averageVelocity" : 0.34753909707069397,
  "time" : 41852.505160750006,
  "intrinsics" : [
    1348.0919189453125,
    0,
    955.7734375,
    0,
    1348.0919189453125,
    725.7945556640625,
    0,
    0,
    1
  ]
}