{
  "projectionMatrix" : [
    1.4027208089828491,
    0,
    0.0033519864082336426,
    0,
    0,
    1.8702943325042725,
    0.0087892413139343262,
    0,
    0,
    0,
    -0.9999997615814209,
    -0.00099999981466680765,
    0,
    0,
    -1,
    0
  ],
  "cameraGrain" : 0.070520676672458649,
  "intrinsics" : [
    1346.6119384765625,
    0,
    956.2821044921875,
    0,
    1346.6119384765625,
    725.8282470703125,
    0,
    0,
    1
  ],
  "exposureDuration" : 0.0099999997764825821,
  "cameraPoseARFrame" : [
    0.43805211782455444,
    0.23094780743122101,
    -0.86877685785293579,
    -3.059565544128418,
    0.011330908164381981,
    0.96494030952453613,
    0.26222425699234009,
    0.089690804481506348,
    0.89887815713882446,
    -0.12471195310354233,
    0.42007735371589661,
    -0.35265135765075684,
    0,
    0,
    0,
    1
  ],
  "frame_index" : 125,
  "averageVelocity" : 0.85602879524230957,
  "motionQuality" : 0.75542032718658447,
  "time" : 41839.162488166679,
  "averageAngularVelocity" : 0.21983054280281067
}