{
  "cameraGrain" : 0,
  "averageVelocity" : 0.71079957485198975,
  "motionQuality" : 0.79691439867019653,
  "projectionMatrix" : [
    1.4037258625030518,
    0,
    0.0041953325271606445,
    0,
    0,
    1.8716343641281128,
    0.0085493326187133789,
    0,
    0,
    0,
    -0.9999997615814209,
    -0.00099999981466680765,
    0,
    0,
    -1,
    0
  ],
  "intrinsics" : [
    1347.5767822265625,
    0,
    955.47247314453125,
    0,
    1347.5767822265625,
    725.655517578125,
    0,
    0,
    1
  ],
  "exposureDuration" : 0.0099999997764825821,
  "time" : 41841.830698041675,
  "cameraPoseARFrame" : [
    -0.1167479008436203,
    0.3049950897693634,
    -0.94517070055007935,
    -3.0373687744140625,
    0.041395064443349838,
    0.9523460865020752,
    0.30219733715057373,
    -0.0086627006530761719,
    0.992298424243927,
    -0.0038444979581981897,
    -0.12380970269441605,
    -2.4245681762695312,
    0,
    0,
    0,
    1
  ],
  "frame_index" : 150,
  "averageAngularVelocity" : 0.40384224057197571
}