{
  "intrinsics" : [
    1348.205078125,
    0,
    956.14105224609375,
    0,
    1348.205078125,
    726.022705078125,
    0,
    0,
    1
  ],
  "projectionMatrix" : [
    1.4043803215026855,
    0,
    0.0034989118576049805,
    0,
    0,
    1.8725070953369141,
    0.0090593099594116211,
    0,
    0,
    0,
    -0.9999997615814209,
    -0.00099999981466680765,
    0,
    0,
    -1,
    0
  ],
  "averageAngularVelocity" : 0.27493521571159363,
  "cameraPoseARFrame" : [
    0.70264428853988647,
    0.22582522034645081,
    -0.67475461959838867,
    -2.048102855682373,
    -0.053214237093925476,
    0.96232205629348755,
    0.26665383577346802,
    0.17100954055786133,
    0.70954853296279907,
    -0.15145628154277802,
    0.6881873607635498,
    1.4047802686691284,
    0,
    0,
    0,
    1
  ],
  "frame_index" : 471,
  "exposureDuration" : 0.0099999997764825821,
  "motionQuality" : 0.72198927402496338,
  "time" : 41873.856016250007,
  "averageVelocity" : 0.97303754091262817,
  "cameraGrain" : 0.093668423593044281
}