{
  "cameraPoseARFrame" : [
    0.8030620813369751,
    -0.313254714012146,
    0.50691473484039307,
    2.1965622901916504,
    0.11342871934175491,
    0.9154822826385498,
    0.38603892922401428,
    0.14218688011169434,
    -0.58499997854232788,
    -0.2525145411491394,
    0.77072125673294067,
    2.0798273086547852,
    0,
    0,
    0,
    1
  ],
  "averageAngularVelocity" : 0.3064943253993988,
  "averageVelocity" : 0.70519155263900757,
  "motionQuality" : 0.79851669073104858,
  "cameraGrain" : 0.09637036919593811,
  "frame_index" : 366,
  "time" : 41863.182441250006,
  "intrinsics" : [
    1349.1461181640625,
    0,
    956.27130126953125,
    0,
    1349.1461181640625,
    725.65509033203125,
    0,
    0,
    1
  ],
  "exposureDuration" : 0.0099999997764825821,
  "projectionMatrix" : [
    1.4053605794906616,
    0,
    0.0033632516860961914,
    0,
    0,
    1.8738141059875488,
    0.008548736572265625,
    0,
    0,
    0,
    -0.9999997615814209,
    -0.00099999981466680765,
    0,
    0,
    -1,
    0
  ]
}