{
  "averageAngularVelocity" : 1.0116862058639526,
  "frame_index" : 339,
  "cameraGrain" : 0.11876558512449265,
  "motionQuality" : 0.71094679832458496,
  "projectionMatrix" : [
    1.4276576042175293,
    0,
    0.005937039852142334,
    0,
    0,
    1.9035434722900391,
    0.0069150328636169434,
    0,
    0,
    0,
    -0.9999997615814209,
    -0.00099999981466680765,
    0,
    0,
    -1,
    0
  ],
  "cameraPoseARFrame" : [
    0.35377046465873718,
    -0.58955484628677368,
    0.7261345386505127,
    1.9058016538619995,
    0.22297234833240509,
    0.80711430311203003,
    0.54667145013809204,
    -0.094395279884338379,
    -0.90836650133132935,
    -0.031488288193941116,
    0.41698771715164185,
    0.89139759540557861,
    0,
    0,
    0,
    1
  ],
  "intrinsics" : [
    1370.55126953125,
    0,
    953.8004150390625,
    0,
    1370.55126953125,
    724.47882080078125,
    0,
    0,
    1
  ],
  "time" : 41860.512703625012,
  "averageVelocity" : 0.42233622074127197,
  "exposureDuration" : 0.0099999997764825821
}