{
  "motionQuality" : 0.75391721725463867,
  "time" : 41855.174261791675,
  "frame_index" : 284,
  "averageVelocity" : 0.86128968000411987,
  "exposureDuration" : 0.0099999997764825821,
  "cameraGrain" : 0.16922323405742645,
  "averageAngularVelocity" : 0.39272120594978333,
  "cameraPoseARFrame" : [
    -0.92394238710403442,
    -0.079035088419914246,
    0.3742777407169342,
    1.7658169269561768,
    0.11688470095396042,
    0.87330001592636108,
    0.47295364737510681,
    -0.073747754096984863,
    -0.36423671245574951,
    0.4807293713092804,
    -0.79764086008071899,
    -3.4317903518676758,
    0,
    0,
    0,
    1
  ],
  "intrinsics" : [
    1348.142578125,
    0,
    956.2454833984375,
    0,
    1348.142578125,
    725.5277099609375,
    0,
    0,
    1
  ],
  "projectionMatrix" : [
    1.4043152332305908,
    0,
    0.0033901333808898926,
    0,
    0,
    1.8724201917648315,
    0.0083718299865722656,
    0,
    0,
    0,
    -0.9999997615814209,
    -0.00099999981466680765,
    0,
    0,
    -1,
    0
  ]
}