{
  "cameraPoseARFrame" : [
    0.6176530122756958,
    0.23345905542373657,
    -0.75100040435791016,
    -2.4047567844390869,
    -0.02902679331600666,
    0.96104025840759277,
    0.27488002181053162,
    0.11133906990289688,
    0.78591489791870117,
    -0.14798137545585632,
    0.60036599636077881,
    1.6043078899383545,
    0,
    0,
    0,
    1.0000001192092896
  ],
  "intrinsics" : [
    1346.5076904296875,
    0,
    956.45697021484375,
    0,
    1346.5076904296875,
    725.84027099609375,
    0,
    0,
    1
  ],
  "averageAngularVelocity" : 0.30009064078330994,
  "frame_index" : 99,
  "projectionMatrix" : [
    1.4026122093200684,
    0,
    0.0031698346138000488,
    0,
    0,
    1.8701496124267578,
    0.0088059306144714355,
    0,
    0,
    0,
    -0.9999997615814209,
    -0.00099999981466680765,
    0,
    0,
    -1,
    0
  ],
  "motionQuality" : 0.80387544631958008,
  "time" : 41836.492581333339,
  "averageVelocity" : 0.6864359974861145,
  "cameraGrain" : 0,
  "exposureDuration" : 0.0099999997764825821
}