{
  "averageVelocity" : 0.4903847873210907,
  "intrinsics" : [
    1346.5792236328125,
    0,
    956.15374755859375,
    0,
    1346.5792236328125,
    725.7242431640625,
    0,
    0,
    1
  ],
  "motionQuality" : 0.85989004373550415,
  "averageAngularVelocity" : 0.14541620016098022,
  "cameraGrain" : 0,
  "exposureDuration" : 0.01666666753590107,
  "time" : 41831.155059875011,
  "cameraPoseARFrame" : [
    0.99279981851577759,
    0.050169244408607483,
    -0.10877199470996857,
    0.23961365222930908,
    -0.010186848230659962,
    0.94013720750808716,
    0.34064364433288574,
    0.07193148136138916,
    0.11935046315193176,
    -0.33708298206329346,
    0.93387919664382935,
    3.1328940391540527,
    0,
    0,
    0,
    1
  ],
  "frame_index" : 46,
  "projectionMatrix" : [
    1.4026867151260376,
    0,
    0.0034856796264648438,
    0,
    0,
    1.8702489137649536,
    0.0086447596549987793,
    0,
    0,
    0,
    -0.9999997615814209,
    -0.00099999981466680765,
    0,
    0,
    -1,
    0
  ]
}