{
  "intrinsics" : [
    1348.0830078125,
    0,
    956.2744140625,
    0,
    1348.0830078125,
    725.5211181640625,
    0,
    0,
    1
  ],
  "cameraGrain" : 0.0025321959983557463,
  "averageAngularVelocity" : 0.337993323802948,
  "averageVelocity" : 0.5868489146232605,
  "projectionMatrix" : [
    1.4042531251907349,
    0,
    0.0033599734306335449,
    0,
    0,
    1.8723374605178833,
    0.0083626508712768555,
    0,
    0,
    0,
    -0.9999997615814209,
    -0.00099999981466680765,
    0,
    0,
    -1,
    0
  ],
  "time" : 41833.824201208343,
  "exposureDuration" : 0.01666666753590107,
  "frame_index" : 73,
  "motionQuality" : 0.8323289155960083,
  "cameraPoseARFrame" : [
    0.85633331537246704,
    0.15058465301990509,
    -0.49398097395896912,
    -1.0309656858444214,
    -0.0061298049986362457,
    0.95943933725357056,
    0.28184819221496582,
    0.070346236228942871,
    0.51638692617416382,
    -0.23832805454730988,
    0.82252299785614014,
    2.5495662689208984,
    0,
    0,
    0,
    1
  ]
}