{
  "exposureDuration" : 0.0099999997764825821,
  "averageAngularVelocity" : 0.11553370952606201,
  "cameraPoseARFrame" : [
    -0.85574251413345337,
    0.19285696744918823,
    -0.48011559247970581,
    -1.3557125329971313,
    0.08009454607963562,
    0.96612673997879028,
    0.24532419443130493,
    0.07152855396270752,
    0.5111650824546814,
    0.17147968709468842,
    -0.84220254421234131,
    -2.5671064853668213,
    0,
    0,
    0,
    1
  ],
  "motionQuality" : 0.80659288167953491,
  "projectionMatrix" : [
    1.4026834964752197,
    0,
    0.0040930509567260742,
    0,
    0,
    1.8702447414398193,
    0.0082565546035766602,
    0,
    0,
    0,
    -0.9999997615814209,
    -0.00099999981466680765,
    0,
    0,
    -1,
    0
  ],
  "averageVelocity" : 0.6769249439239502,
  "time" : 89234.947901541687,
  "intrinsics" : [
    1346.576171875,
    0,
    955.5706787109375,
    0,
    1346.576171875,
    725.4447021484375,
    0,
    0,
    1
  ],
  "cameraGrain" : 0.28966376185417175,
  "frame_index" : 496
}