{
  "averageAngularVelocity" : 0.089772336184978485,
  "intrinsics" : [
    1345.929931640625,
    0,
    955.81494140625,
    0,
    1345.929931640625,
    725.3585205078125,
    0,
    0,
    1
  ],
  "motionQuality" : 0.97435075044631958,
  "averageVelocity" : 0.048171255737543106,
  "cameraGrain" : 0.25025323033332825,
  "projectionMatrix" : [
    1.4020103216171265,
    0,
    0.0038385987281799316,
    0,
    0,
    1.869347095489502,
    0.0081368088722229004,
    0,
    0,
    0,
    -0.9999997615814209,
    -0.00099999981466680765,
    0,
    0,
    -1,
    0
  ],
  "exposureDuration" : 0.0099999997764825821,
  "time" : 89191.705808333354,
  "cameraPoseARFrame" : [
    0.60604780912399292,
    0.11381141841411591,
    -0.78724390268325806,
    -2.4532604217529297,
    0.086845822632312775,
    0.97432667016983032,
    0.20771478116512299,
    -0.017975712195038795,
    0.79067313671112061,
    -0.19425393640995026,
    0.58060449361801147,
    3.9674975872039795,
    0,
    0,
    0,
    1.0000001192092896
  ],
  "frame_index" : 70
}