{
  "averageVelocity" : 0.84221088886260986,
  "cameraPoseARFrame" : [
    0.61458146572113037,
    -0.24728170037269592,
    0.74909347295761108,
    1.9673998355865479,
    0.059019222855567932,
    0.96135026216506958,
    0.2689279317855835,
    -0.070396542549133301,
    -0.78664231300354004,
    -0.12106724083423615,
    0.6054224967956543,
    3.4671838283538818,
    0,
    0,
    0,
    1
  ],
  "motionQuality" : 0.75936830043792725,
  "cameraGrain" : 0.22550337016582489,
  "averageAngularVelocity" : 0.24900813400745392,
  "exposureDuration" : 0.0099999997764825821,
  "frame_index" : 322,
  "time" : 89217.333766500014,
  "intrinsics" : [
    1345.88525390625,
    0,
    955.80914306640625,
    0,
    1345.88525390625,
    725.1632080078125,
    0,
    0,
    1
  ],
  "projectionMatrix" : [
    1.4019638299942017,
    0,
    0.0038446187973022461,
    0,
    0,
    1.8692851066589355,
    0.0078655481338500977,
    0,
    0,
    0,
    -0.9999997615814209,
    -0.00099999981466680765,
    0,
    0,
    -1,
    0
  ]
}