{
  "exposureDuration" : 0.0099999997764825821,
  "averageAngularVelocity" : 0.48480603098869324,
  "projectionMatrix" : [
    1.413862943649292,
    0,
    0.0034972429275512695,
    0,
    0,
    1.885150671005249,
    0.0079165101051330566,
    0,
    0,
    0,
    -0.9999997615814209,
    -0.00099999981466680765,
    0,
    0,
    -1,
    0
  ],
  "motionQuality" : 0.78035831451416016,
  "cameraPoseARFrame" : [
    -0.034670062363147736,
    0.31787648797035217,
    -0.9474979043006897,
    -1.5208578109741211,
    0.05665014311671257,
    0.94716864824295044,
    0.31569314002990723,
    -0.018212437629699707,
    0.99779188632965088,
    -0.042730797082185745,
    -0.05084618553519249,
    -0.70003402233123779,
    0,
    0,
    0,
    1
  ],
  "averageVelocity" : 0.768746018409729,
  "time" : 89232.278396833353,
  "intrinsics" : [
    1357.3084716796875,
    0,
    956.14263916015625,
    0,
    1357.3084716796875,
    725.19989013671875,
    0,
    0,
    1
  ],
  "cameraGrain" : 0.29112231731414795,
  "frame_index" : 471
}