{
  "frame_index" : 341,
  "intrinsics" : [
    1343.8067626953125,
    0,
    955.89593505859375,
    0,
    1343.8067626953125,
    725.54376220703125,
    0,
    0,
    1
  ],
  "time" : 89219.468553583356,
  "cameraPoseARFrame" : [
    0.93690395355224609,
    -0.11670956760644913,
    0.32952985167503357,
    1.3370499610900879,
    0.026254191994667053,
    0.96345466375350952,
    0.26658192276954651,
    -0.024779463186860085,
    -0.34859979152679443,
    -0.24111011624336243,
    0.90572857856750488,
    4.6915955543518066,
    0,
    0,
    0,
    1.0000001192092896
  ],
  "motionQuality" : 0.85504144430160522,
  "cameraGrain" : 0.23098215460777283,
  "projectionMatrix" : [
    1.3997987508773804,
    0,
    0.0037542581558227539,
    0,
    0,
    1.8663983345031738,
    0.0083941221237182617,
    0,
    0,
    0,
    -0.9999997615814209,
    -0.00099999981466680765,
    0,
    0,
    -1,
    0
  ],
  "averageAngularVelocity" : 0.22103641927242279,
  "averageVelocity" : 0.5073549747467041,
  "exposureDuration" : 0.0099999997764825821
}