{
  "exposureDuration" : 0.0099999997764825821,
  "averageAngularVelocity" : 0.36525565385818481,
  "cameraPoseARFrame" : [
    0.73035359382629395,
    0.24586914479732513,
    -0.63728475570678711,
    -1.5232501029968262,
    0.031339894980192184,
    0.91992849111557007,
    0.39083188772201538,
    -0.0069278725422918797,
    0.68234992027282715,
    -0.30541795492172241,
    0.66416764259338379,
    1.6696574687957764,
    0,
    0,
    0,
    1.0000001192092896
  ],
  "motionQuality" : 0.73908627033233643,
  "projectionMatrix" : [
    1.4185688495635986,
    0,
    0.0037755966186523438,
    0,
    0,
    1.8914250135421753,
    0.0077704787254333496,
    0,
    0,
    0,
    -0.9999997615814209,
    -0.00099999981466680765,
    0,
    0,
    -1,
    0
  ],
  "averageVelocity" : 0.91319805383682251,
  "time" : 89229.609538625024,
  "intrinsics" : [
    1361.8260498046875,
    0,
    955.87542724609375,
    0,
    1361.8260498046875,
    725.0947265625,
    0,
    0,
    1
  ],
  "cameraGrain" : 0.37029168009757996,
  "frame_index" : 446
}