{
  "time" : 89189.035826750012,
  "motionQuality" : 0.85511875152587891,
  "frame_index" : 43,
  "cameraGrain" : 0.26389262080192566,
  "exposureDuration" : 0.0099999997764825821,
  "cameraPoseARFrame" : [
    0.78394937515258789,
    0.14768651127815247,
    -0.60300225019454956,
    -2.0496137142181396,
    0.036171156913042068,
    0.95877701044082642,
    0.28184768557548523,
    -0.044254038482904434,
    0.61976993083953857,
    -0.2427656501531601,
    0.74629080295562744,
    4.3885197639465332,
    0,
    0,
    0,
    0.99999988079071045
  ],
  "intrinsics" : [
    1346.5166015625,
    0,
    956.24041748046875,
    0,
    1346.5166015625,
    725.276123046875,
    0,
    0,
    1
  ],
  "averageVelocity" : 0.5070844292640686,
  "averageAngularVelocity" : 0.1687488853931427,
  "projectionMatrix" : [
    1.4026215076446533,
    0,
    0.003395378589630127,
    0,
    0,
    1.8701618909835815,
    0.0080223679542541504,
    0,
    0,
    0,
    -0.9999997615814209,
    -0.00099999981466680765,
    0,
    0,
    -1,
    0
  ]
}