{
  "time" : 89224.80505983335,
  "averageVelocity" : 0.5257754921913147,
  "averageAngularVelocity" : 0.18451684713363647,
  "cameraGrain" : 0.24321000277996063,
  "frame_index" : 396,
  "cameraPoseARFrame" : [
    0.61681705713272095,
    0.19968836009502411,
    -0.76135486364364624,
    -2.2841405868530273,
    0.0083420071750879288,
    0.96557033061981201,
    0.26000839471817017,
    0.098342753946781158,
    0.78706234693527222,
    -0.16672886908054352,
    0.59391450881958008,
    3.9346427917480469,
    0,
    0,
    0,
    1.0000001192092896
  ],
  "exposureDuration" : 0.0099999997764825821,
  "intrinsics" : [
    1345.46533203125,
    0,
    956.259521484375,
    0,
    1345.46533203125,
    725.33306884765625,
    0,
    0,
    1
  ],
  "projectionMatrix" : [
    1.4015263319015503,
    0,
    0.0033754706382751465,
    0,
    0,
    1.8687018156051636,
    0.0081014633178710938,
    0,
    0,
    0,
    -0.9999997615814209,
    -0.00099999981466680765,
    0,
    0,
    -1,
    0
  ],
  "motionQuality" : 0.84977841377258301
}