{
  "motionQuality" : 0.77424019575119019,
  "frame_index" : 97,
  "time" : 89194.372093500016,
  "cameraPoseARFrame" : [
    0.53269481658935547,
    0.26162266731262207,
    -0.80485391616821289,
    -2.075181245803833,
    0.047664403915405273,
    0.94023436307907104,
    0.33717569708824158,
    -0.067773006856441498,
    0.84496414661407471,
    -0.21797463297843933,
    0.48838794231414795,
    2.7265763282775879,
    0,
    0,
    0,
    1.0000001192092896
  ],
  "projectionMatrix" : [
    1.4100104570388794,
    0,
    0.0033333897590637207,
    0,
    0,
    1.8800138235092163,
    0.0080672502517700195,
    0,
    0,
    0,
    -0.9999997615814209,
    -0.00099999981466680765,
    0,
    0,
    -1,
    0
  ],
  "averageAngularVelocity" : 0.15006260573863983,
  "intrinsics" : [
    1353.6099853515625,
    0,
    956.2999267578125,
    0,
    1353.6099853515625,
    725.30841064453125,
    0,
    0,
    1
  ],
  "cameraGrain" : 0.22183352708816528,
  "exposureDuration" : 0.0099999997764825821,
  "averageVelocity" : 0.79015928506851196
}