{
  "exposureDuration" : 0.0099999997764825821,
  "averageAngularVelocity" : 0.22850322723388672,
  "projectionMatrix" : [
    1.4035552740097046,
    0,
    0.0035434961318969727,
    0,
    0,
    1.8714070320129395,
    0.0083540081977844238,
    0,
    0,
    0,
    -0.9999997615814209,
    -0.00099999981466680765,
    0,
    0,
    -1,
    0
  ],
  "cameraPoseARFrame" : [
    -0.69680160284042358,
    -0.14539371430873871,
    0.702373206615448,
    2.4500603675842285,
    0.06497742235660553,
    0.96241766214370728,
    0.26368582248687744,
    -0.039314746856689453,
    -0.71431469917297363,
    0.22937510907649994,
    -0.66116684675216675,
    -2.4213495254516602,
    0,
    0,
    0,
    1
  ],
  "motionQuality" : 0.78586816787719727,
  "averageVelocity" : 0.74946129322052002,
  "time" : 89209.321179208346,
  "intrinsics" : [
    1347.4130859375,
    0,
    956.0982666015625,
    0,
    1347.4130859375,
    725.514892578125,
    0,
    0,
    1
  ],
  "cameraGrain" : 0.330222487449646,
  "frame_index" : 244
}