{
  "exposureDuration" : 0.0099999997764825821,
  "averageAngularVelocity" : 0.21835978329181671,
  "cameraPoseARFrame" : [
    -0.95930832624435425,
    -0.07402164489030838,
    0.27248513698577881,
    1.1307228803634644,
    0.0029441253282129765,
    0.96235162019729614,
    0.27179157733917236,
    0.075306892395019531,
    -0.28234502673149109,
    0.261534184217453,
    -0.92297405004501343,
    -3.2395317554473877,
    0,
    0,
    0,
    1
  ],
  "projectionMatrix" : [
    1.4038994312286377,
    0,
    0.0033672451972961426,
    0,
    0,
    1.8718658685684204,
    0.0077853798866271973,
    0,
    0,
    0,
    -0.9999997615814209,
    -0.00099999981466680765,
    0,
    0,
    -1,
    0
  ],
  "motionQuality" : 0.83213043212890625,
  "averageVelocity" : 0.58754360675811768,
  "time" : 89207.182658458347,
  "intrinsics" : [
    1347.743408203125,
    0,
    956.2674560546875,
    0,
    1347.743408203125,
    725.10546875,
    0,
    0,
    1
  ],
  "cameraGrain" : 0.25430864095687866,
  "frame_index" : 222
}