{
  "exposureDuration" : 0.0099999997764825821,
  "motionQuality" : 0.79327023029327393,
  "cameraGrain" : 0.33347600698471069,
  "projectionMatrix" : [
    1.4179794788360596,
    0,
    0.003410637378692627,
    0,
    0,
    1.8906391859054565,
    0.0074079036712646484,
    0,
    0,
    0,
    -0.9999997615814209,
    -0.00099999981466680765,
    0,
    0,
    -1,
    0
  ],
  "frame_index" : 122,
  "averageAngularVelocity" : 0.72355431318283081,
  "averageVelocity" : 0.72182637453079224,
  "time" : 89197.042754583352,
  "cameraPoseARFrame" : [
    0.55644780397415161,
    0.33985722064971924,
    -0.75819706916809082,
    -1.3739194869995117,
    0.06693122535943985,
    0.89122015237808228,
    0.44860532879829407,
    -0.12053465843200684,
    0.82818228006362915,
    -0.30037260055541992,
    0.47317045927047729,
    0.94928258657455444,
    0,
    0,
    0,
    1
  ],
  "intrinsics" : [
    1361.26025390625,
    0,
    956.22576904296875,
    0,
    1361.26025390625,
    724.83367919921875,
    0,
    0,
    1
  ]
}