{
  "exposureDuration" : 0.0099999997764825821,
  "averageAngularVelocity" : 0.44790086150169373,
  "projectionMatrix" : [
    1.4054691791534424,
    0,
    0.0043010115623474121,
    0,
    0,
    1.8739588260650635,
    0.0078954696655273438,
    0,
    0,
    0,
    -0.9999997615814209,
    -0.00099999981466680765,
    0,
    0,
    -1,
    0
  ],
  "motionQuality" : 0.7677580714225769,
  "cameraPoseARFrame" : [
    -0.032382436096668243,
    -0.33827611804008484,
    0.94048953056335449,
    2.6641108989715576,
    0.14648070931434631,
    0.92921614646911621,
    0.33926483988761902,
    -0.081408262252807617,
    -0.98868334293365479,
    0.14874981343746185,
    0.019460583105683327,
    1.2859847545623779,
    0,
    0,
    0,
    1
  ],
  "averageVelocity" : 0.81284677982330322,
  "time" : 89214.664938625021,
  "intrinsics" : [
    1349.2503662109375,
    0,
    955.37103271484375,
    0,
    1349.2503662109375,
    725.18475341796875,
    0,
    0,
    1
  ],
  "cameraGrain" : 0.36582380533218384,
  "frame_index" : 296
}