{
  "time" : 89211.996963291691,
  "exposureDuration" : 0.0099999997764825821,
  "frame_index" : 271,
  "cameraPoseARFrame" : [
    -0.3284241259098053,
    -0.24044330418109894,
    0.91341370344161987,
    3.4102106094360352,
    0.073264904320240021,
    0.9576573371887207,
    0.278432697057724,
    -0.023130297660827637,
    -0.94168460369110107,
    0.15836519002914429,
    -0.29690173268318176,
    -0.91889739036560059,
    0,
    0,
    0,
    1
  ],
  "cameraGrain" : 0.37593856453895569,
  "motionQuality" : 0.78492188453674316,
  "averageVelocity" : 0.75277328491210938,
  "averageAngularVelocity" : 0.21904461085796356,
  "intrinsics" : [
    1345.9388427734375,
    0,
    956.35687255859375,
    0,
    1345.9388427734375,
    725.5111083984375,
    0,
    0,
    1
  ],
  "projectionMatrix" : [
    1.4020196199417114,
    0,
    0.003274083137512207,
    0,
    0,
    1.8693594932556152,
    0.0083487629890441895,
    0,
    0,
    0,
    -0.9999997615814209,
    -0.00099999981466680765,
    0,
    0,
    -1,
    0
  ]
}