{
  "motionQuality" : 0.8975837230682373,
  "time" : 89186.902943041685,
  "frame_index" : 22,
  "cameraPoseARFrame" : [
    0.95529109239578247,
    0.023364327847957611,
    -0.2947419285774231,
    -1.2918519973754883,
    0.069623246788978577,
    0.95106393098831177,
    0.30104786157608032,
    -0.12961494922637939,
    0.28735220432281494,
    -0.30810928344726562,
    0.90691626071929932,
    4.870398998260498,
    0,
    0,
    0,
    1
  ],
  "projectionMatrix" : [
    1.4031364917755127,
    0,
    0.0032622218132019043,
    0,
    0,
    1.870848536491394,
    0.0079424381256103516,
    0,
    0,
    0,
    -0.9999997615814209,
    -0.00099999981466680765,
    0,
    0,
    -1,
    0
  ],
  "averageAngularVelocity" : 0.12236237525939941,
  "intrinsics" : [
    1347.010986328125,
    0,
    956.3682861328125,
    0,
    1347.010986328125,
    725.21856689453125,
    0,
    0,
    1
  ],
  "cameraGrain" : 0.2958977222442627,
  "exposureDuration" : 0.0099999997764825821,
  "averageVelocity" : 0.35845693945884705
}