{
  "exposureDuration" : 0.0099999997764825821,
  "averageAngularVelocity" : 0.16696269810199738,
  "cameraPoseARFrame" : [
    0.51141911745071411,
    0.21065603196620941,
    -0.83311116695404053,
    -2.4577145576477051,
    0.040868606418371201,
    0.96242839097976685,
    0.26844233274459839,
    0.068639300763607025,
    0.85835897922515869,
    -0.17133466899394989,
    0.48359504342079163,
    3.1996150016784668,
    0,
    0,
    0,
    0.99999988079071045
  ],
  "projectionMatrix" : [
    1.4032418727874756,
    0,
    0.0030900239944458008,
    0,
    0,
    1.8709890842437744,
    0.0081259012222290039,
    0,
    0,
    0,
    -0.9999997615814209,
    -0.00099999981466680765,
    0,
    0,
    -1,
    0
  ],
  "motionQuality" : 0.82277476787567139,
  "averageVelocity" : 0.6202884316444397,
  "time" : 89227.474563458352,
  "intrinsics" : [
    1347.1121826171875,
    0,
    956.5335693359375,
    0,
    1347.1121826171875,
    725.35064697265625,
    0,
    0,
    1
  ],
  "cameraGrain" : 0.22966630756855011,
  "frame_index" : 424
}