{
  "projectionMatrix" : [
    1.402035117149353,
    0,
    0.0035732388496398926,
    0,
    0,
    1.8693802356719971,
    0.0080979466438293457,
    0,
    0,
    0,
    -0.9999997615814209,
    -0.00099999981466680765,
    0,
    0,
    -1,
    0
  ],
  "motionQuality" : 0.80827456712722778,
  "frame_index" : 370,
  "time" : 89222.137103541681,
  "intrinsics" : [
    1345.9537353515625,
    0,
    956.0697021484375,
    0,
    1345.9537353515625,
    725.33050537109375,
    0,
    0,
    1
  ],
  "cameraPoseARFrame" : [
    0.99065393209457397,
    0.0051387916319072247,
    -0.13630181550979614,
    -0.59030598402023315,
    0.040467001497745514,
    0.94322532415390015,
    0.32967892289161682,
    0.045209765434265137,
    0.13025748729705811,
    -0.33211350440979004,
    0.93420195579528809,
    4.7104320526123047,
    0,
    0,
    0,
    1
  ],
  "averageVelocity" : 0.67103904485702515,
  "exposureDuration" : 0.0099999997764825821,
  "averageAngularVelocity" : 0.19572156667709351,
  "cameraGrain" : 0.24799379706382751
}