{
  "projectionMatrix" : [
    1.4037598371505737,
    0,
    0.003940880298614502,
    0,
    0,
    1.8716799020767212,
    0.0079123377799987793,
    0,
    0,
    0,
    -0.9999997615814209,
    -0.00099999981466680765,
    0,
    0,
    -1,
    0
  ],
  "time" : 89201.845856333355,
  "motionQuality" : 0.79799032211303711,
  "averageAngularVelocity" : 0.26233994960784912,
  "cameraGrain" : 0.30128639936447144,
  "exposureDuration" : 0.0099999997764825821,
  "intrinsics" : [
    1347.6094970703125,
    0,
    955.71673583984375,
    0,
    1347.6094970703125,
    725.1968994140625,
    0,
    0,
    1
  ],
  "averageVelocity" : 0.70703375339508057,
  "cameraPoseARFrame" : [
    -0.92474263906478882,
    0.13254737854003906,
    -0.35676634311676025,
    -0.94985580444335938,
    0.029975641518831253,
    0.95984929800033569,
    0.27891013026237488,
    0.016767477616667747,
    0.37941074371337891,
    0.2472258061170578,
    -0.8915867805480957,
    -3.0284450054168701,
    0,
    0,
    0,
    1.0000001192092896
  ],
  "frame_index" : 170
}