{
  "averageVelocity" : 0.24355688691139221,
  "exposureDuration" : 0.0099999997764825821,
  "cameraGrain" : 0.28968384861946106,
  "intrinsics" : [
    1345.4625244140625,
    0,
    956.30474853515625,
    0,
    1345.4625244140625,
    725.40771484375,
    0,
    0,
    1
  ],
  "averageAngularVelocity" : 0.37624102830886841,
  "cameraPoseARFrame" : [
    -0.99489277601242065,
    0.013327868655323982,
    -0.10005348920822144,
    -0.30854099988937378,
    -0.015794424340128899,
    0.95847773551940918,
    0.28472992777824402,
    0.049399018287658691,
    0.099693953990936279,
    0.28485605120658875,
    -0.95337206125259399,
    -3.4417943954467773,
    0,
    0,
    0,
    1
  ],
  "frame_index" : 197,
  "projectionMatrix" : [
    1.4015234708786011,
    0,
    0.0033283829689025879,
    0,
    0,
    1.8686980009078979,
    0.0082051753997802734,
    0,
    0,
    0,
    -0.9999997615814209,
    -0.00099999981466680765,
    0,
    0,
    -1,
    0
  ],
  "time" : 89204.516219916681,
  "motionQuality" : 0.8925025463104248
}