{
  "frame_index" : 144,
  "time" : 89199.17568533335,
  "motionQuality" : 0.73035937547683716,
  "intrinsics" : [
    1364.264892578125,
    0,
    956.31927490234375,
    0,
    1364.264892578125,
    724.98992919921875,
    0,
    0,
    1
  ],
  "cameraGrain" : 0.27455100417137146,
  "exposureDuration" : 0.0099999997764825821,
  "averageVelocity" : 0.94374215602874756,
  "averageAngularVelocity" : 0.63004428148269653,
  "cameraPoseARFrame" : [
    -0.28150638937950134,
    0.43623021245002747,
    -0.85466784238815308,
    -1.1835405826568604,
    0.072505742311477661,
    0.89781171083450317,
    0.43436959385871887,
    -0.10907256603240967,
    0.95681601762771606,
    0.060309477150440216,
    -0.28436887264251709,
    -1.0654292106628418,
    0,
    0,
    0,
    1
  ],
  "projectionMatrix" : [
    1.4211093187332153,
    0,
    0.0033132433891296387,
    0,
    0,
    1.8948123455047607,
    0.0076249241828918457,
    0,
    0,
    0,
    -0.9999997615814209,
    -0.00099999981466680765,
    0,
    0,
    -1,
    0
  ]
}