{
  "averageAngularVelocity" : 0.43324047327041626,
  "averageVelocity" : 0.5388638973236084,
  "time" : 194720.10324200004,
  "cameraPoseARFrame" : [
    -0.68794208765029907,
    -0.34816354513168335,
    0.63680273294448853,
    2.5035367012023926,
    -0.080934494733810425,
    0.9087517261505127,
    0.40941399335861206,
    -0.11506998538970947,
    -0.72123861312866211,
    0.23011386394500732,
    -0.65334701538085938,
    -2.2205948829650879,
    0,
    0,
    0,
    1
  ],
  "frame_index" : 501,
  "cameraGrain" : 0.36585161089897156,
  "motionQuality" : 0.84603887796401978,
  "projectionMatrix" : [
    1.4032605886459351,
    0,
    0.002038121223449707,
    0,
    0,
    1.8710141181945801,
    0.0074867010116577148,
    0,
    0,
    0,
    -0.9999997615814209,
    -0.00099999981466680765,
    0,
    0,
    -1,
    0
  ],
  "exposureDuration" : 0.0099999997764825821,
  "intrinsics" : [
    1347.130126953125,
    0,
    957.54339599609375,
    0,
    1347.130126953125,
    724.89044189453125,
    0,
    0,
    1
  ]
}