{
  "projectionMatrix" : [
    1.4002951383590698,
    0,
    0.0031225085258483887,
    0,
    0,
    1.8670601844787598,
    0.0082322955131530762,
    0,
    0,
    0,
    -0.9999997615814209,
    -0.00099999981466680765,
    0,
    0,
    -1,
    0
  ],
  "averageAngularVelocity" : 0.22321535646915436,
  "time" : 194685.8668730417,
  "motionQuality" : 0.83983176946640015,
  "cameraPoseARFrame" : [
    0.80394929647445679,
    0.16252292692661285,
    -0.57205909490585327,
    -1.287184476852417,
    -0.029450694099068642,
    0.97163277864456177,
    0.23465359210968018,
    -0.16173213720321655,
    0.59396803379058838,
    -0.17180205881595612,
    0.78592985868453979,
    2.1567199230194092,
    0,
    0,
    0,
    0.99999988079071045
  ],
  "averageVelocity" : 0.5605887770652771,
  "exposureDuration" : 0.0099999997764825821,
  "intrinsics" : [
    1344.2833251953125,
    0,
    956.50238037109375,
    0,
    1344.2833251953125,
    725.42724609375,
    0,
    0,
    1
  ],
  "frame_index" : 84,
  "cameraGrain" : 0.20217148959636688
}