{
  "frame_index" : 647,
  "averageVelocity" : 0.12187698483467102,
  "time" : 194731.71273695838,
  "projectionMatrix" : [
    1.3998111486434937,
    0,
    0.0029780864715576172,
    0,
    0,
    1.8664149045944214,
    0.0082208514213562012,
    0,
    0,
    0,
    -0.9999997615814209,
    -0.00099999981466680765,
    0,
    0,
    -1,
    0
  ],
  "cameraGrain" : 0.2250906229019165,
  "intrinsics" : [
    1343.8187255859375,
    0,
    956.64105224609375,
    0,
    1343.8187255859375,
    725.41900634765625,
    0,
    0,
    1
  ],
  "motionQuality" : 0.96517801284790039,
  "cameraPoseARFrame" : [
    0.80165880918502808,
    -0.13636678457260132,
    0.5820198655128479,
    2.1801028251647949,
    -0.01501790527254343,
    0.96873098611831665,
    0.2476581335067749,
    -0.14221012592315674,
    -0.59759306907653809,
    -0.20727807283401489,
    0.77454382181167603,
    2.1858017444610596,
    0,
    0,
    0,
    1
  ],
  "averageAngularVelocity" : 0.05330711230635643,
  "exposureDuration" : 0.0099999997764825821
}