{
  "projectionMatrix" : [
    1.3981640338897705,
    0,
    0.0030927658081054688,
    0,
    0,
    1.8642185926437378,
    0.0084537863731384277,
    0,
    0,
    0,
    -0.9999997615814209,
    -0.00099999981466680765,
    0,
    0,
    -1,
    0
  ],
  "averageAngularVelocity" : 0.12271424382925034,
  "frame_index" : 266,
  "intrinsics" : [
    1342.2374267578125,
    0,
    956.53094482421875,
    0,
    1342.2374267578125,
    725.58673095703125,
    0,
    0,
    1
  ],
  "cameraGrain" : 0.19823591411113739,
  "time" : 194700.98851862503,
  "cameraPoseARFrame" : [
    -0.73170918226242065,
    0.17037875950336456,
    -0.65997946262359619,
    -2.195173978805542,
    -0.014560870826244354,
    0.96412742137908936,
    0.26504027843475342,
    -0.2324603796005249,
    0.68146151304244995,
    0.20354227721691132,
    -0.70297986268997192,
    -4.7791004180908203,
    0,
    0,
    0,
    1
  ],
  "averageVelocity" : 0.61790233850479126,
  "exposureDuration" : 0.0099999997764825821,
  "motionQuality" : 0.82345646619796753
}