{
  "averageAngularVelocity" : 0.087470337748527527,
  "time" : 194697.31845920839,
  "cameraGrain" : 0.24663974344730377,
  "projectionMatrix" : [
    1.397025465965271,
    0,
    0.0028330683708190918,
    0,
    0,
    1.8627005815505981,
    0.0083888769149780273,
    0,
    0,
    0,
    -0.9999997615814209,
    -0.00099999981466680765,
    0,
    0,
    -1,
    0
  ],
  "intrinsics" : [
    1341.1444091796875,
    0,
    956.7802734375,
    0,
    1341.1444091796875,
    725.53997802734375,
    0,
    0,
    1
  ],
  "frame_index" : 221,
  "cameraPoseARFrame" : [
    -0.39017075300216675,
    0.18850208818912506,
    -0.90124011039733887,
    -3.8185219764709473,
    -0.016898859292268753,
    0.97718793153762817,
    0.21170316636562347,
    -0.15350860357284546,
    0.92058742046356201,
    0.097830317914485931,
    -0.37808465957641602,
    -3.1701905727386475,
    0,
    0,
    0,
    1.0000001192092896
  ],
  "exposureDuration" : 0.0099999997764825821,
  "motionQuality" : 0.82253384590148926,
  "averageVelocity" : 0.6211315393447876
}