{
  "cameraGrain" : 0.26917168498039246,
  "averageAngularVelocity" : 0.14092347025871277,
  "cameraPoseARFrame" : [
    -0.95674532651901245,
    -0.099981009960174561,
    0.27320697903633118,
    1.1197398900985718,
    0.0055597918108105659,
    0.93263751268386841,
    0.36077168583869934,
    -0.0030682086944580078,
    -0.29087346792221069,
    0.34668564796447754,
    -0.89174073934555054,
    -4.6252241134643555,
    0,
    0,
    0,
    1
  ],
  "projectionMatrix" : [
    1.4037102460861206,
    0,
    0.0034716129302978516,
    0,
    0,
    1.8716137409210205,
    0.0078276991844177246,
    0,
    0,
    0,
    -0.9999997615814209,
    -0.00099999981466680765,
    0,
    0,
    -1,
    0
  ],
  "intrinsics" : [
    1347.5618896484375,
    0,
    956.167236328125,
    0,
    1347.5618896484375,
    725.13592529296875,
    0,
    0,
    1
  ],
  "motionQuality" : 0.9502025842666626,
  "time" : 194708.46116329171,
  "averageVelocity" : 0.17429092526435852,
  "frame_index" : 356,
  "exposureDuration" : 0.0099999997764825821
}