{
  "intrinsics" : [
    1344.4053955078125,
    0,
    956.7435302734375,
    0,
    1344.4053955078125,
    725.41717529296875,
    0,
    0,
    1
  ],
  "averageVelocity" : 0.65118211507797241,
  "projectionMatrix" : [
    1.4004223346710205,
    0,
    0.0028713345527648926,
    0,
    0,
    1.867229700088501,
    0.0082182884216308594,
    0,
    0,
    0,
    -0.9999997615814209,
    -0.00099999981466680765,
    0,
    0,
    -1,
    0
  ],
  "cameraGrain" : 0.21726766228675842,
  "cameraPoseARFrame" : [
    -0.98518037796020508,
    0.065704189240932465,
    -0.15843835473060608,
    -0.22684170305728912,
    0.020329928025603294,
    0.96194034814834595,
    0.27250245213508606,
    -0.23060494661331177,
    0.17031282186508179,
    0.26524302363395691,
    -0.94902050495147705,
    -5.1419949531555176,
    0,
    0,
    0,
    1.0000001192092896
  ],
  "frame_index" : 312,
  "exposureDuration" : 0.0099999997764825821,
  "motionQuality" : 0.81394797563552856,
  "time" : 194704.72499420837,
  "averageAngularVelocity" : 0.31613931059837341
}