{
  "intrinsics" : [
    1343.744140625,
    0,
    956.633056640625,
    0,
    1343.744140625,
    725.45697021484375,
    0,
    0,
    1
  ],
  "frame_index" : 748,
  "averageAngularVelocity" : 0.1515389084815979,
  "cameraGrain" : 0.20626029372215271,
  "time" : 194739.65242787503,
  "exposureDuration" : 0.0099999997764825821,
  "cameraPoseARFrame" : [
    0.67399507761001587,
    0.16752731800079346,
    -0.71948939561843872,
    -2.1266934871673584,
    -0.018822060897946358,
    0.97752511501312256,
    0.2099769115447998,
    -0.026020407676696777,
    0.73849588632583618,
    -0.12798115611076355,
    0.66200029850006104,
    1.5901498794555664,
    0,
    0,
    0,
    1
  ],
  "projectionMatrix" : [
    1.3997334241867065,
    0,
    0.0029863715171813965,
    0,
    0,
    1.8663113117218018,
    0.0082735419273376465,
    0,
    0,
    0,
    -0.9999997615814209,
    -0.00099999981466680765,
    0,
    0,
    -1,
    0
  ],
  "averageVelocity" : 0.65920025110244751,
  "motionQuality" : 0.81165707111358643
}