{
  "frame_index" : 889,
  "cameraPoseARFrame" : [
    -0.7249484658241272,
    0.10018379986286163,
    -0.68147832155227661,
    -2.2115268707275391,
    -0.015700584277510643,
    0.98670560121536255,
    0.16175718605518341,
    -0.046283181756734848,
    0.68862402439117432,
    0.12796525657176971,
    -0.71373778581619263,
    -5.0087122917175293,
    0,
    0,
    0,
    0.99999988079071045
  ],
  "averageVelocity" : 0.85631698369979858,
  "motionQuality" : 0.75533801317214966,
  "averageAngularVelocity" : 0.37090131640434265,
  "exposureDuration" : 0.0099999997764825821,
  "intrinsics" : [
    1342.296875,
    0,
    957.1258544921875,
    0,
    1342.296875,
    725.48687744140625,
    0,
    0,
    1
  ],
  "cameraGrain" : 0.21406631171703339,
  "time" : 194750.76248925005,
  "projectionMatrix" : [
    1.3982259035110474,
    0,
    0.0024730563163757324,
    0,
    0,
    1.8643012046813965,
    0.0083150863647460938,
    0,
    0,
    0,
    -0.9999997615814209,
    -0.00099999981466680765,
    0,
    0,
    -1,
    0
  ]
}