{
  "projectionMatrix" : [
    1.4026371240615845,
    0,
    0.0026262998580932617,
    0,
    0,
    1.8701827526092529,
    0.0079548954963684082,
    0,
    0,
    0,
    -0.9999997615814209,
    -0.00099999981466680765,
    0,
    0,
    -1,
    0
  ],
  "time" : 194727.9767372917,
  "frame_index" : 600,
  "intrinsics" : [
    1346.5316162109375,
    0,
    956.978759765625,
    0,
    1346.5316162109375,
    725.2275390625,
    0,
    0,
    1
  ],
  "cameraPoseARFrame" : [
    0.78505128622055054,
    -0.21830430626869202,
    0.57968765497207642,
    2.2901356220245361,
    0.025295635685324669,
    0.9463571310043335,
    0.32213112711906433,
    -0.085336871445178986,
    -0.61891412734985352,
    -0.23822590708732605,
    0.74846094846725464,
    1.7401927709579468,
    0,
    0,
    0,
    1.0000001192092896
  ],
  "motionQuality" : 0.86239320039749146,
  "averageVelocity" : 0.48162373900413513,
  "averageAngularVelocity" : 0.28319200873374939,
  "cameraGrain" : 0.24773690104484558,
  "exposureDuration" : 0.0099999997764825821
}