{
  "intrinsics" : [
    1344.872802734375,
    0,
    956.423583984375,
    0,
    1344.872802734375,
    725.37908935546875,
    0,
    0,
    1
  ],
  "motionQuality" : 0.82976013422012329,
  "averageAngularVelocity" : 0.14422175288200378,
  "projectionMatrix" : [
    1.4009091854095459,
    0,
    0.0032045841217041016,
    0,
    0,
    1.8678789138793945,
    0.0081654191017150879,
    0,
    0,
    0,
    -0.9999997615814209,
    -0.00099999981466680765,
    0,
    0,
    -1,
    0
  ],
  "time" : 194735.38235570837,
  "averageVelocity" : 0.59583956003189087,
  "exposureDuration" : 0.0099999997764825821,
  "cameraPoseARFrame" : [
    0.99637424945831299,
    -0.020486168563365936,
    0.082574307918548584,
    0.50629407167434692,
    -0.002452262444421649,
    0.9632575511932373,
    0.26856791973114014,
    -0.032342791557312012,
    -0.085042320191860199,
    -0.26779672503471375,
    0.95971477031707764,
    2.6034033298492432,
    0,
    0,
    0,
    1
  ],
  "frame_index" : 694,
  "cameraGrain" : 0.20854322612285614
}