{
  "motionQuality" : 0.91434180736541748,
  "averageAngularVelocity" : 0.2598097026348114,
  "exposureDuration" : 0.0099999997764825821,
  "time" : 194755.03080325003,
  "cameraPoseARFrame" : [
    -0.99511492252349854,
    0.091532833874225616,
    -0.036985736340284348,
    0.26090073585510254,
    0.079188697040081024,
    0.96379530429840088,
    0.25461280345916748,
    -0.044273614883422852,
    0.058952115476131439,
    0.25044018030166626,
    -0.96633541584014893,
    -4.8266615867614746,
    0,
    0,
    0,
    1
  ],
  "frame_index" : 944,
  "intrinsics" : [
    1347.070556640625,
    0,
    956.29229736328125,
    0,
    1347.070556640625,
    725.40576171875,
    0,
    0,
    1
  ],
  "averageVelocity" : 0.29980364441871643,
  "cameraGrain" : 0.21617485582828522,
  "projectionMatrix" : [
    1.4031984806060791,
    0,
    0.003341376781463623,
    0,
    0,
    1.8709313869476318,
    0.0082024335861206055,
    0,
    0,
    0,
    -0.9999997615814209,
    -0.00099999981466680765,
    0,
    0,
    -1,
    0
  ]
}