{
  "time" : 194747.05816425005,
  "frame_index" : 844,
  "motionQuality" : 0.7853432297706604,
  "averageAngularVelocity" : 0.19467239081859589,
  "cameraGrain" : 0.27929118275642395,
  "exposureDuration" : 0.0099999997764825821,
  "projectionMatrix" : [
    1.3976490497589111,
    0,
    0.0030266642570495605,
    0,
    0,
    1.8635319471359253,
    0.0083352923393249512,
    0,
    0,
    0,
    -0.9999997615814209,
    -0.00099999981466680765,
    0,
    0,
    -1,
    0
  ],
  "cameraPoseARFrame" : [
    -0.24598906934261322,
    0.13317279517650604,
    -0.96008044481277466,
    -3.784085750579834,
    -0.080993294715881348,
    0.98422813415527344,
    0.15727418661117554,
    -0.019110798835754395,
    0.96588277816772461,
    0.11644779890775681,
    -0.2313232421875,
    -2.8628740310668945,
    0,
    0,
    0,
    1
  ],
  "averageVelocity" : 0.75129866600036621,
  "intrinsics" : [
    1341.7430419921875,
    0,
    956.59442138671875,
    0,
    1341.7430419921875,
    725.50140380859375,
    0,
    0,
    1
  ]
}