{
  "cameraGrain" : 0.22762696444988251,
  "motionQuality" : 0.78522390127182007,
  "exposureDuration" : 0.0099999997764825821,
  "time" : 194689.50344787503,
  "frame_index" : 126,
  "projectionMatrix" : [
    1.3985639810562134,
    0,
    0.002735435962677002,
    0,
    0,
    1.8647520542144775,
    0.0080969333648681641,
    0,
    0,
    0,
    -0.9999997615814209,
    -0.00099999981466680765,
    0,
    0,
    -1,
    0
  ],
  "averageAngularVelocity" : 0.29313310980796814,
  "cameraPoseARFrame" : [
    0.52555721998214722,
    0.20448718965053558,
    -0.82581746578216553,
    -3.1772575378417969,
    -0.027735479176044464,
    0.97428631782531738,
    0.22359961271286011,
    -0.19682395458221436,
    0.85030597448348999,
    -0.094609953463077545,
    0.5177147388458252,
    1.2915840148925781,
    0,
    0,
    0,
    1
  ],
  "intrinsics" : [
    1342.6214599609375,
    0,
    956.87396240234375,
    0,
    1342.6214599609375,
    725.32977294921875,
    0,
    0,
    1
  ],
  "averageVelocity" : 0.75171637535095215
}