{
  "motionQuality" : 0.78012555837631226,
  "intrinsics" : [
    1342.2225341796875,
    0,
    956.84014892578125,
    0,
    1342.2225341796875,
    725.42669677734375,
    0,
    0,
    1
  ],
  "averageVelocity" : 0.76956057548522949,
  "cameraGrain" : 0.24617652595043182,
  "averageAngularVelocity" : 0.22243684530258179,
  "time" : 194743.32186045838,
  "frame_index" : 795,
  "projectionMatrix" : [
    1.3981484174728394,
    0,
    0.0027706623077392578,
    0,
    0,
    1.8641979694366455,
    0.0082315206527709961,
    0,
    0,
    0,
    -0.9999997615814209,
    -0.00099999981466680765,
    0,
    0,
    -1,
    0
  ],
  "exposureDuration" : 0.0099999997764825821,
  "cameraPoseARFrame" : [
    0.20859222114086151,
    0.14441780745983124,
    -0.96728110313415527,
    -3.6874361038208008,
    -0.024914750829339027,
    0.98950093984603882,
    0.14236246049404144,
    -0.03098750114440918,
    0.97768521308898926,
    -0.0055961371399462223,
    0.21000035107135773,
    -0.36773955821990967,
    0,
    0,
    0,
    1
  ]
}