{
  "motionQuality" : 0.91052448749542236,
  "exposureDuration" : 0.0099999997764825821,
  "time" : 194712.66445237503,
  "cameraGrain" : 0.26083186268806458,
  "intrinsics" : [
    1349.2830810546875,
    0,
    956.48919677734375,
    0,
    1349.2830810546875,
    725.375244140625,
    0,
    0,
    1
  ],
  "cameraPoseARFrame" : [
    -0.57826536893844604,
    -0.26877167820930481,
    0.77030569314956665,
    1.8845698833465576,
    -0.03454020619392395,
    0.95139575004577637,
    0.30602765083312988,
    -0.0094695091247558594,
    -0.8151172399520874,
    0.15035869181156158,
    -0.55944263935089111,
    -3.9634795188903809,
    0,
    0,
    0,
    1
  ],
  "frame_index" : 411,
  "projectionMatrix" : [
    1.4055031538009644,
    0,
    0.0031362771987915039,
    0,
    0,
    1.8740042448043823,
    0.0081600546836853027,
    0,
    0,
    0,
    -0.9999997615814209,
    -0.00099999981466680765,
    0,
    0,
    -1,
    0
  ],
  "averageVelocity" : 0.31316429376602173,
  "averageAngularVelocity" : 0.23884512484073639
}