{
  "motionQuality" : 0.83295196294784546,
  "projectionMatrix" : [
    1.4128270149230957,
    0,
    0.0040071010589599609,
    0,
    0,
    1.8837693929672241,
    0.0071663856506347656,
    0,
    0,
    0,
    -0.9999997615814209,
    -0.00099999981466680765,
    0,
    0,
    -1,
    0
  ],
  "intrinsics" : [
    1356.31396484375,
    0,
    955.6531982421875,
    0,
    1356.31396484375,
    724.6597900390625,
    0,
    0,
    1
  ],
  "averageAngularVelocity" : 0.2363114207983017,
  "averageVelocity" : 0.58466809988021851,
  "cameraGrain" : 0.25309056043624878,
  "exposureDuration" : 0.0099999997764825821,
  "frame_index" : 554,
  "time" : 194724.30693245836,
  "cameraPoseARFrame" : [
    -0.54232120513916016,
    -0.44307950139045715,
    0.71384048461914062,
    1.794710636138916,
    0.096024893224239349,
    0.81138163805007935,
    0.57657539844512939,
    -0.19939291477203369,
    -0.83466577529907227,
    0.3812355101108551,
    -0.39748278260231018,
    0.12828058004379272,
    0,
    0,
    0,
    1
  ]
}