{
  "cameraPoseARFrame" : [
    0.19979225099086761,
    0.24159012734889984,
    -0.94958794116973877,
    -3.9086227416992188,
    -0.021078318357467651,
    0.9699627161026001,
    0.24233891069889069,
    -0.24856376647949219,
    0.97961151599884033,
    -0.028401710093021393,
    0.19888326525688171,
    -0.45484834909439087,
    0,
    0,
    0,
    1
  ],
  "frame_index" : 171,
  "time" : 194693.14085870839,
  "averageAngularVelocity" : 0.096658043563365936,
  "projectionMatrix" : [
    1.3969975709915161,
    0,
    0.0028984546661376953,
    0,
    0,
    1.8626633882522583,
    0.0083180069923400879,
    0,
    0,
    0,
    -0.9999997615814209,
    -0.00099999981466680765,
    0,
    0,
    -1,
    0
  ],
  "exposureDuration" : 0.0099999997764825821,
  "cameraGrain" : 0.25175240635871887,
  "intrinsics" : [
    1341.11767578125,
    0,
    956.71746826171875,
    0,
    1341.11767578125,
    725.48895263671875,
    0,
    0,
    1
  ],
  "motionQuality" : 0.83732843399047852,
  "averageVelocity" : 0.56935060024261475
}