{
  "frame_index" : 42,
  "time" : 194682.16309941671,
  "motionQuality" : 0.88524937629699707,
  "projectionMatrix" : [
    1.4009494781494141,
    0,
    0.0033361911773681641,
    0,
    0,
    1.8679326772689819,
    0.0081475973129272461,
    0,
    0,
    0,
    -0.9999997615814209,
    -0.00099999981466680765,
    0,
    0,
    -1,
    0
  ],
  "cameraGrain" : 0.23747913539409637,
  "averageAngularVelocity" : 0.17664927244186401,
  "exposureDuration" : 0.0099999997764825821,
  "intrinsics" : [
    1344.9114990234375,
    0,
    956.2972412109375,
    0,
    1344.9114990234375,
    725.36627197265625,
    0,
    0,
    1
  ],
  "cameraPoseARFrame" : [
    0.99818181991577148,
    -0.027732543647289276,
    -0.053514633327722549,
    0.44008612632751465,
    0.041395306587219238,
    0.96077245473861694,
    0.27423095703125,
    -0.2388157844543457,
    0.043810296803712845,
    -0.27594760060310364,
    0.96017354726791382,
    2.6903069019317627,
    0,
    0,
    0,
    1
  ],
  "averageVelocity" : 0.40162712335586548
}