{
  "cameraPoseARFrame" : [
    -0.7733076810836792,
    -0.13139091432094574,
    0.62026733160018921,
    2.3277153968811035,
    0.020238412544131279,
    0.97267812490463257,
    0.23127374053001404,
    -0.019607663154602051,
    -0.63370782136917114,
    0.19139900803565979,
    -0.74952024221420288,
    -4.3054189682006836,
    0,
    0,
    0,
    1
  ],
  "averageAngularVelocity" : 0,
  "motionQuality" : 0.95376139879226685,
  "frame_index" : 456,
  "projectionMatrix" : [
    1.4013838768005371,
    0,
    0.0032957196235656738,
    0,
    0,
    1.8685117959976196,
    0.0082593560218811035,
    0,
    0,
    0,
    -0.9999997615814209,
    -0.00099999981466680765,
    0,
    0,
    -1,
    0
  ],
  "time" : 194716.40133258337,
  "averageVelocity" : 0.16183507442474365,
  "intrinsics" : [
    1345.3284912109375,
    0,
    956.33612060546875,
    0,
    1345.3284912109375,
    725.44671630859375,
    0,
    0,
    1
  ],
  "cameraGrain" : 0.28543063998222351,
  "exposureDuration" : 0.0099999997764825821
}