{
  "averageVelocity" : 0.70685106515884399,
  "cameraPoseARFrame" : [
    0.9280550479888916,
    0.17663219571113586,
    -0.32789480686187744,
    -1.004206657409668,
    -0.10512585937976837,
    0.96882206201553345,
    0.22434820234775543,
    -0.17998075485229492,
    0.35729888081550598,
    -0.17373727262020111,
    0.91768896579742432,
    4.602083683013916,
    0,
    0,
    0,
    1
  ],
  "frame_index" : 503,
  "exposureDuration" : 0.01666666753590107,
  "averageAngularVelocity" : 0.24771881103515625,
  "time" : 88526.393664916686,
  "motionQuality" : 0.79804253578186035,
  "intrinsics" : [
    1345.3553466796875,
    0,
    957.5748291015625,
    0,
    1345.3553466796875,
    725.47857666015625,
    0,
    0,
    1
  ],
  "cameraGrain" : 0.14293436706066132,
  "projectionMatrix" : [
    1.401411771774292,
    0,
    0.0020053982734680176,
    0,
    0,
    1.868549108505249,
    0.0083035826683044434,
    0,
    0,
    0,
    -0.9999997615814209,
    -0.00099999981466680765,
    0,
    0,
    -1,
    0
  ]
}