{
  "intrinsics" : [
    1345.9061279296875,
    0,
    957.21484375,
    0,
    1345.9061279296875,
    725.44879150390625,
    0,
    0,
    1
  ],
  "averageVelocity" : 0.67609715461730957,
  "exposureDuration" : 0.01666666753590107,
  "time" : 88487.429534666691,
  "frame_index" : 116,
  "projectionMatrix" : [
    1.4019855260848999,
    0,
    0.00238037109375,
    0,
    0,
    1.8693140745162964,
    0.0082622170448303223,
    0,
    0,
    0,
    -0.9999997615814209,
    -0.00099999981466680765,
    0,
    0,
    -1,
    0
  ],
  "cameraGrain" : 0.19778323173522949,
  "cameraPoseARFrame" : [
    0.8139808177947998,
    0.22037862241268158,
    -0.53746491670608521,
    -1.9648208618164062,
    -0.057767700403928757,
    0.95136433839797974,
    0.30260306596755981,
    -0.26253914833068848,
    0.57801228761672974,
    -0.21526500582695007,
    0.78712314367294312,
    3.403975248336792,
    0,
    0,
    0,
    1
  ],
  "averageAngularVelocity" : 0.42223662137985229,
  "motionQuality" : 0.80682939291000366
}