{
  "cameraPoseARFrame" : [
    0.38972833752632141,
    -0.19818407297134399,
    0.89935243129730225,
    4.1593227386474609,
    0.022773286327719688,
    0.97834527492523193,
    0.20572251081466675,
    -0.45362496376037598,
    -0.92064839601516724,
    -0.059694688767194748,
    0.38580226898193359,
    2.4282076358795166,
    0,
    0,
    0,
    1
  ],
  "motionQuality" : 0.79721319675445557,
  "time" : 88517.319864750025,
  "intrinsics" : [
    1344.2801513671875,
    0,
    956.8162841796875,
    0,
    1344.2801513671875,
    725.4542236328125,
    0,
    0,
    1
  ],
  "averageAngularVelocity" : 0.18152402341365814,
  "exposureDuration" : 0.01666666753590107,
  "averageVelocity" : 0.70975387096405029,
  "frame_index" : 410,
  "cameraGrain" : 0.15221671760082245,
  "projectionMatrix" : [
    1.4002918004989624,
    0,
    0.0027955174446105957,
    0,
    0,
    1.8670557737350464,
    0.0082697272300720215,
    0,
    0,
    0,
    -0.9999997615814209,
    -0.00099999981466680765,
    0,
    0,
    -1,
    0
  ]
}