{
  "projectionMatrix" : [
    1.4003881216049194,
    0,
    0.0026020407676696777,
    0,
    0,
    1.8671841621398926,
    0.0084207057952880859,
    0,
    0,
    0,
    -0.9999997615814209,
    -0.00099999981466680765,
    0,
    0,
    -1,
    0
  ],
  "intrinsics" : [
    1344.37255859375,
    0,
    957.00201416015625,
    0,
    1344.37255859375,
    725.56292724609375,
    0,
    0,
    1
  ],
  "exposureDuration" : 0.01666666753590107,
  "averageVelocity" : 0.77340400218963623,
  "averageAngularVelocity" : 0.17498002946376801,
  "frame_index" : 231,
  "cameraGrain" : 0.16279138624668121,
  "cameraPoseARFrame" : [
    -0.82824254035949707,
    0.12933634221553802,
    -0.54523986577987671,
    -3.2600810527801514,
    0.031447727233171463,
    0.98219448328018188,
    0.18521592020988464,
    -0.50344884395599365,
    0.55948686599731445,
    0.13625715672969818,
    -0.81756258010864258,
    -4.5455451011657715,
    0,
    0,
    0,
    1
  ],
  "time" : 88499.172368708358,
  "motionQuality" : 0.77902746200561523
}