{
  "averageAngularVelocity" : 0.15007942914962769,
  "intrinsics" : [
    1345.379150390625,
    0,
    957.8194580078125,
    0,
    1345.379150390625,
    725.4150390625,
    0,
    0,
    1
  ],
  "time" : 88529.596383416691,
  "cameraGrain" : 0.17745339870452881,
  "motionQuality" : 0.73894631862640381,
  "averageVelocity" : 0.91368776559829712,
  "frame_index" : 535,
  "cameraPoseARFrame" : [
    0.68388962745666504,
    0.18139542639255524,
    -0.70667570829391479,
    -2.3394260406494141,
    -0.14596794545650482,
    0.98303413391113281,
    0.11107207089662552,
    -0.2200857400894165,
    0.71483445167541504,
    0.027190972119569778,
    0.69876492023468018,
    2.5555715560913086,
    0,
    0,
    0,
    1
  ],
  "projectionMatrix" : [
    1.4014365673065186,
    0,
    0.0017505884170532227,
    0,
    0,
    1.8685821294784546,
    0.0082153081893920898,
    0,
    0,
    0,
    -0.9999997615814209,
    -0.00099999981466680765,
    0,
    0,
    -1,
    0
  ],
  "exposureDuration" : 0.01666666753590107
}