{
  "frame_index" : 51,
  "motionQuality" : 0.78273248672485352,
  "time" : 88481.023990041693,
  "cameraPoseARFrame" : [
    0.96829062700271606,
    0.064297236502170563,
    -0.24141059815883636,
    -0.20472560822963715,
    -0.011728965677320957,
    0.97694778442382812,
    0.21315556764602661,
    -0.36637675762176514,
    0.24955077469348907,
    -0.2035650759935379,
    0.9467235803604126,
    5.0615930557250977,
    0,
    0,
    0,
    1
  ],
  "projectionMatrix" : [
    1.4009091854095459,
    0,
    0.0025713443756103516,
    0,
    0,
    1.8678789138793945,
    0.0082506537437438965,
    0,
    0,
    0,
    -0.9999997615814209,
    -0.00099999981466680765,
    0,
    0,
    -1,
    0
  ],
  "intrinsics" : [
    1344.872802734375,
    0,
    957.031494140625,
    0,
    1344.872802734375,
    725.44049072265625,
    0,
    0,
    1
  ],
  "averageVelocity" : 0.76043623685836792,
  "averageAngularVelocity" : 0.22494176030158997,
  "exposureDuration" : 0.01666666753590107,
  "cameraGrain" : 0.15128991007804871
}