{
  "projectionMatrix" : [
    1.3997769355773926,
    0,
    0.0026476383209228516,
    0,
    0,
    1.8663692474365234,
    0.0082325339317321777,
    0,
    0,
    0,
    -0.9999997615814209,
    -0.00099999981466680765,
    0,
    0,
    -1,
    0
  ],
  "averageVelocity" : 0.7067531943321228,
  "averageAngularVelocity" : 0.04626917839050293,
  "motionQuality" : 0.79807054996490479,
  "frame_index" : 594,
  "cameraPoseARFrame" : [
    -0.32101109623908997,
    0.16285468637943268,
    -0.9329686164855957,
    -4.2571730613708496,
    -0.039113849401473999,
    0.98198455572128296,
    0.18486876785755157,
    -0.26160973310470581,
    0.94626766443252563,
    0.095836922526359558,
    -0.30885794758796692,
    -1.9451870918273926,
    0,
    0,
    0,
    1.0000001192092896
  ],
  "time" : 88535.46756470835,
  "cameraGrain" : 0.19929689168930054,
  "exposureDuration" : 0.01666666753590107,
  "intrinsics" : [
    1343.785888671875,
    0,
    956.958251953125,
    0,
    1343.785888671875,
    725.42742919921875,
    0,
    0,
    1
  ]
}