{
  "averageVelocity" : 0.78117579221725464,
  "averageAngularVelocity" : 0.30906045436859131,
  "motionQuality" : 0.77680695056915283,
  "projectionMatrix" : [
    1.4003136157989502,
    0,
    0.0025799870491027832,
    0,
    0,
    1.8670847415924072,
    0.0080156326293945312,
    0,
    0,
    0,
    -0.9999997615814209,
    -0.00099999981466680765,
    0,
    0,
    -1,
    0
  ],
  "time" : 88493.300501708349,
  "frame_index" : 172,
  "cameraPoseARFrame" : [
    -0.16923874616622925,
    0.20289459824562073,
    -0.96446466445922852,
    -4.3034267425537109,
    -0.026599986478686333,
    0.97728383541107178,
    0.21025897562503815,
    -0.27217155694961548,
    0.98521625995635986,
    0.06123872846364975,
    -0.15999728441238403,
    -0.95427942276000977,
    0,
    0,
    0,
    1.0000001192092896
  ],
  "intrinsics" : [
    1344.301025390625,
    0,
    957.023193359375,
    0,
    1344.301025390625,
    725.271240234375,
    0,
    0,
    1
  ],
  "cameraGrain" : 0.20567440986633301,
  "exposureDuration" : 0.01666666753590107
}