{
  "averageVelocity" : 0.43138113617897034,
  "frame_index" : 84,
  "cameraPoseARFrame" : [
    0.83617901802062988,
    0.22046801447868347,
    -0.50219368934631348,
    -1.7857620716094971,
    -0.069845952093601227,
    0.95099920034408569,
    0.30120080709457397,
    -0.29890215396881104,
    0.54399102926254272,
    -0.2167816162109375,
    0.81060439348220825,
    4.1605224609375,
    0,
    0,
    0,
    1
  ],
  "exposureDuration" : 0.01666666753590107,
  "averageAngularVelocity" : 0,
  "motionQuality" : 0.87674826383590698,
  "intrinsics" : [
    1345.927001953125,
    0,
    956.9609375,
    0,
    1345.927001953125,
    725.37567138671875,
    0,
    0,
    1
  ],
  "time" : 88484.226905208357,
  "cameraGrain" : 0.18255560100078583,
  "projectionMatrix" : [
    1.4020073413848877,
    0,
    0.0026448369026184082,
    0,
    0,
    1.8693430423736572,
    0.0081606507301330566,
    0,
    0,
    0,
    -0.9999997615814209,
    -0.00099999981466680765,
    0,
    0,
    -1,
    0
  ]
}