{
  "averageVelocity" : 0.80512553453445435,
  "cameraPoseARFrame" : [
    0.99622523784637451,
    0.033732987940311432,
    0.07998337596654892,
    1.0446997880935669,
    -0.053610540926456451,
    0.96377623081207275,
    0.26126834750175476,
    -0.20515012741088867,
    -0.068272747099399567,
    -0.26457014679908752,
    0.96194672584533691,
    4.901221752166748,
    0,
    0,
    0,
    1
  ],
  "frame_index" : 476,
  "exposureDuration" : 0.01666666753590107,
  "averageAngularVelocity" : 0.23150534927845001,
  "motionQuality" : 0.76996409893035889,
  "intrinsics" : [
    1344.423095703125,
    0,
    956.84344482421875,
    0,
    1344.423095703125,
    725.49493408203125,
    0,
    0,
    1
  ],
  "time" : 88523.724370958356,
  "cameraGrain" : 0.13120089471340179,
  "projectionMatrix" : [
    1.4004406929016113,
    0,
    0.0027672648429870605,
    0,
    0,
    1.8672542572021484,
    0.0083262920379638672,
    0,
    0,
    0,
    -0.9999997615814209,
    -0.00099999981466680765,
    0,
    0,
    -1,
    0
  ]
}