{
  "averageVelocity" : 0.62552940845489502,
  "frame_index" : 442,
  "cameraPoseARFrame" : [
    0.83932363986968994,
    -0.1156470850110054,
    0.53118902444839478,
    2.9070780277252197,
    -0.002001156797632575,
    0.97644710540771484,
    0.21574781835079193,
    -0.45007693767547607,
    -0.54362857341766357,
    -0.18214523792266846,
    0.81932365894317627,
    4.1882209777832031,
    0,
    0,
    0,
    1
  ],
  "exposureDuration" : 0.01666666753590107,
  "averageAngularVelocity" : 0.32616925239562988,
  "motionQuality" : 0.82127732038497925,
  "intrinsics" : [
    1345.480224609375,
    0,
    956.58782958984375,
    0,
    1345.480224609375,
    725.5751953125,
    0,
    0,
    1
  ],
  "time" : 88520.522332125023,
  "cameraGrain" : 0.11779512465000153,
  "projectionMatrix" : [
    1.4015419483184814,
    0,
    0.0030335187911987305,
    0,
    0,
    1.8687225580215454,
    0.0084377527236938477,
    0,
    0,
    0,
    -0.9999997615814209,
    -0.00099999981466680765,
    0,
    0,
    -1,
    0
  ]
}