{
  "frame_index" : 321,
  "averageVelocity" : 0.7956162691116333,
  "intrinsics" : [
    1343.2916259765625,
    0,
    956.8846435546875,
    0,
    1343.2916259765625,
    725.42987060546875,
    0,
    0,
    1
  ],
  "motionQuality" : 0.77268105745315552,
  "time" : 88508.245735583347,
  "averageAngularVelocity" : 0,
  "cameraPoseARFrame" : [
    -0.69931274652481079,
    -0.14194315671920776,
    0.70058107376098633,
    3.5396769046783447,
    -0.027907691895961761,
    0.9847603440284729,
    0.17166288197040558,
    -0.45915818214416504,
    -0.7142709493637085,
    0.10049445927143097,
    -0.69261682033538818,
    -3.6602351665496826,
    0,
    0,
    0,
    1
  ],
  "projectionMatrix" : [
    1.3992620706558228,
    0,
    0.0027243494987487793,
    0,
    0,
    1.86568284034729,
    0.008235931396484375,
    0,
    0,
    0,
    -0.9999997615814209,
    -0.00099999981466680765,
    0,
    0,
    -1,
    0
  ],
  "cameraGrain" : 0.19286362826824188,
  "exposureDuration" : 0.01666666753590107
}