{
  "exposureDuration" : 0.01666666753590107,
  "cameraPoseARFrame" : [
    0.23505425453186035,
    0.2269909679889679,
    -0.94510549306869507,
    -3.9303295612335205,
    -0.0045053749345242977,
    0.97259253263473511,
    0.23247210681438446,
    -0.26825660467147827,
    0.97197186946868896,
    -0.050385512411594391,
    0.22963471710681915,
    0.040945291519165039,
    0,
    0,
    0,
    0.99999988079071045
  ],
  "averageVelocity" : 0.7537875771522522,
  "frame_index" : 568,
  "time" : 88532.788574583348,
  "motionQuality" : 0.78463208675384521,
  "intrinsics" : [
    1345.3553466796875,
    0,
    956.64990234375,
    0,
    1345.3553466796875,
    725.57318115234375,
    0,
    0,
    1
  ],
  "averageAngularVelocity" : 0.30587476491928101,
  "cameraGrain" : 0.19131621718406677,
  "projectionMatrix" : [
    1.401411771774292,
    0,
    0.0029688477516174316,
    0,
    0,
    1.868549108505249,
    0.0084349513053894043,
    0,
    0,
    0,
    -0.9999997615814209,
    -0.00099999981466680765,
    0,
    0,
    -1,
    0
  ]
}