{
  "averageVelocity" : 0.71427994966506958,
  "frame_index" : 26,
  "cameraPoseARFrame" : [
    0.9899783730506897,
    -0.041477356106042862,
    0.13499049842357635,
    1.4765338897705078,
    0.014218348078429699,
    0.9803125262260437,
    0.19693917036056519,
    -0.39281463623046875,
    -0.14050139486789703,
    -0.1930461972951889,
    0.97107803821563721,
    4.8529462814331055,
    0,
    0,
    0,
    1
  ],
  "exposureDuration" : 0.01666666753590107,
  "averageAngularVelocity" : 0.098580226302146912,
  "time" : 88478.354836208353,
  "intrinsics" : [
    1345.4564208984375,
    0,
    956.7652587890625,
    0,
    1345.4564208984375,
    725.48114013671875,
    0,
    0,
    1
  ],
  "motionQuality" : 0.79592001438140869,
  "cameraGrain" : 0.13792872428894043,
  "projectionMatrix" : [
    1.4015171527862549,
    0,
    0.0028486847877502441,
    0,
    0,
    1.8686894178390503,
    0.0083071589469909668,
    0,
    0,
    0,
    -0.9999997615814209,
    -0.00099999981466680765,
    0,
    0,
    -1,
    0
  ]
}