{
  "time" : 88496.503283208353,
  "cameraPoseARFrame" : [
    -0.56417554616928101,
    0.14266285300254822,
    -0.81323623657226562,
    -4.2668032646179199,
    0.0025697557721287012,
    0.98525768518447876,
    0.17105716466903687,
    -0.49633598327636719,
    0.82565087080001831,
    0.094416484236717224,
    -0.5562250018119812,
    -2.917607307434082,
    0,
    0,
    0,
    1
  ],
  "exposureDuration" : 0.01666666753590107,
  "intrinsics" : [
    1344.3992919921875,
    0,
    956.736328125,
    0,
    1344.3992919921875,
    725.5677490234375,
    0,
    0,
    1
  ],
  "cameraGrain" : 0.1732935756444931,
  "averageAngularVelocity" : 0.20462407171726227,
  "frame_index" : 204,
  "motionQuality" : 0.80246829986572266,
  "averageVelocity" : 0.69136106967926025,
  "projectionMatrix" : [
    1.4004158973693848,
    0,
    0.0028788447380065918,
    0,
    0,
    1.8672212362289429,
    0.0084274411201477051,
    0,
    0,
    0,
    -0.9999997615814209,
    -0.00099999981466680765,
    0,
    0,
    -1,
    0
  ]
}