{
  "averageVelocity" : 0.77994918823242188,
  "cameraPoseARFrame" : [
    -0.3152402937412262,
    -0.24072045087814331,
    0.91797459125518799,
    4.3486485481262207,
    -0.017029080539941788,
    0.96857422590255737,
    0.24814119935035706,
    -0.47689318656921387,
    -0.94885927438735962,
    0.062591850757598877,
    -0.30943286418914795,
    -1.4263824224472046,
    0,
    0,
    0,
    1
  ],
  "projectionMatrix" : [
    1.399761438369751,
    0,
    0.0025528669357299805,
    0,
    0,
    1.8663486242294312,
    0.0083724856376647949,
    0,
    0,
    0,
    -0.9999997615814209,
    -0.00099999981466680765,
    0,
    0,
    -1,
    0
  ],
  "averageAngularVelocity" : 0.39140623807907104,
  "cameraGrain" : 0.2060798704624176,
  "exposureDuration" : 0.01666666753590107,
  "intrinsics" : [
    1343.77099609375,
    0,
    957.04925537109375,
    0,
    1343.77099609375,
    725.5281982421875,
    0,
    0,
    1
  ],
  "frame_index" : 353,
  "time" : 88511.448545625026,
  "motionQuality" : 0.77715736627578735
}