{
  "motionQuality" : 0.74106228351593018,
  "cameraPoseARFrame" : [
    0.45087867975234985,
    0.28449937701225281,
    -0.84603112936019897,
    -3.2243528366088867,
    -0.019407996907830238,
    0.95074421167373657,
    0.3093685507774353,
    -0.34221500158309937,
    0.89237433671951294,
    -0.1230679377913475,
    0.43419179320335388,
    1.3504215478897095,
    0,
    0,
    0,
    1.0000001192092896
  ],
  "intrinsics" : [
    1345.9478759765625,
    0,
    956.62017822265625,
    0,
    1345.9478759765625,
    725.19451904296875,
    0,
    0,
    1
  ],
  "cameraGrain" : 0.22775307297706604,
  "time" : 88490.097906041687,
  "exposureDuration" : 0.01666666753590107,
  "frame_index" : 139,
  "averageVelocity" : 0.90628200769424438,
  "averageAngularVelocity" : 0.17746856808662415,
  "projectionMatrix" : [
    1.4020290374755859,
    0,
    0.0029998421669006348,
    0,
    0,
    1.8693720102310181,
    0.0079090595245361328,
    0,
    0,
    0,
    -0.9999997615814209,
    -0.00099999981466680765,
    0,
    0,
    -1,
    0
  ]
}