{
  "averageVelocity" : 0.75368088483810425,
  "frame_index" : 293,
  "cameraPoseARFrame" : [
    -0.90332514047622681,
    -0.07025562971830368,
    0.42316421866416931,
    1.6688196659088135,
    0.0060978713445365429,
    0.98429358005523682,
    0.17643392086029053,
    -0.45510780811309814,
    -0.42891332507133484,
    0.16195762157440186,
    -0.88870871067047119,
    -4.7750682830810547,
    0,
    0,
    0,
    1
  ],
  "exposureDuration" : 0.01666666753590107,
  "averageAngularVelocity" : 0.26117873191833496,
  "motionQuality" : 0.78466260433197021,
  "time" : 88505.577852708346,
  "intrinsics" : [
    1344.2623291015625,
    0,
    956.6875,
    0,
    1344.2623291015625,
    725.62615966796875,
    0,
    0,
    1
  ],
  "cameraGrain" : 0.18195593357086182,
  "projectionMatrix" : [
    1.4002732038497925,
    0,
    0.0029296875,
    0,
    0,
    1.8670309782028198,
    0.0085085630416870117,
    0,
    0,
    0,
    -0.9999997615814209,
    -0.00099999981466680765,
    0,
    0,
    -1,
    0
  ]
}