{
  "projectionMatrix" : [
    1.4019793272018433,
    0,
    0.0026374459266662598,
    0,
    0,
    1.8693057298660278,
    0.0078668594360351562,
    0,
    0,
    0,
    -0.9999997615814209,
    -0.00099999981466680765,
    0,
    0,
    -1,
    0
  ],
  "frame_index" : 385,
  "cameraGrain" : 0.19265644252300262,
  "averageVelocity" : 0.77430325746536255,
  "exposureDuration" : 0.01666666753590107,
  "motionQuality" : 0.77877050638198853,
  "averageAngularVelocity" : 0.27335444092750549,
  "time" : 88514.651187625015,
  "cameraPoseARFrame" : [
    -0.15291355550289154,
    -0.25344318151473999,
    0.95518785715103149,
    3.8385260105133057,
    -0.013059650547802448,
    0.96698880195617676,
    0.2544836699962616,
    -0.46805942058563232,
    -0.98815339803695679,
    0.026439584791660309,
    -0.15117557346820831,
    0.8129541277885437,
    0,
    0,
    0,
    1
  ],
  "intrinsics" : [
    1345.900146484375,
    0,
    956.96807861328125,
    0,
    1345.900146484375,
    725.16412353515625,
    0,
    0,
    1
  ]
}