{
  "cameraPoseARFrame" : [
    -0.99758964776992798,
    0.011692909523844719,
    -0.068398073315620422,
    -0.83585822582244873,
    -0.0026482362300157547,
    0.97856640815734863,
    0.2059142142534256,
    -0.51217830181121826,
    0.069339863955974579,
    0.20559906959533691,
    -0.97617679834365845,
    -5.1169228553771973,
    0,
    0,
    0,
    1
  ],
  "averageVelocity" : 0.84593278169631958,
  "motionQuality" : 0.75830495357513428,
  "time" : 88502.375484416683,
  "intrinsics" : [
    1344.3427734375,
    0,
    956.5103759765625,
    0,
    1344.3427734375,
    725.474853515625,
    0,
    0,
    1
  ],
  "frame_index" : 262,
  "cameraGrain" : 0.15635637938976288,
  "averageAngularVelocity" : 0.15304070711135864,
  "exposureDuration" : 0.01666666753590107,
  "projectionMatrix" : [
    1.4003570079803467,
    0,
    0.003114163875579834,
    0,
    0,
    1.8671427965164185,
    0.0082983970642089844,
    0,
    0,
    0,
    -0.9999997615814209,
    -0.00099999981466680765,
    0,
    0,
    -1,
    0
  ]
}