{
  "exposureDuration" : 0.01666666753590107,
  "averageVelocity" : 0.53822153806686401,
  "cameraPoseARFrame" : [
    0.88783538341522217,
    -0.11288512498140335,
    0.44609987735748291,
    2.0534646511077881,
    -0.01419187244027853,
    0.96226447820663452,
    0.27174490690231323,
    0.2098509669303894,
    -0.45994216203689575,
    -0.24759583175182343,
    0.85273051261901855,
    2.8038170337677002,
    0,
    0,
    0,
    0.99999994039535522
  ],
  "frame_index" : 48,
  "motionQuality" : 0.8462224006652832,
  "intrinsics" : [
    1344.447021484375,
    0,
    956.66729736328125,
    0,
    1344.447021484375,
    725.4422607421875,
    0,
    0,
    1
  ],
  "time" : 88991.055830583355,
  "projectionMatrix" : [
    1.4004656076431274,
    0,
    0.0029507279396057129,
    0,
    0,
    1.8672875165939331,
    0.0082531571388244629,
    0,
    0,
    0,
    -0.9999997615814209,
    -0.00099999981466680765,
    0,
    0,
    -1,
    0
  ],
  "averageAngularVelocity" : 0.191099613904953,
  "cameraGrain" : 0.10876890271902084
}