{
  "averageVelocity" : 0.71211785078048706,
  "cameraGrain" : 0.2551518976688385,
  "exposureDuration" : 0.01666666753590107,
  "cameraPoseARFrame" : [
    -0.99940043687820435,
    -0.0056794891133904457,
    -0.034152321517467499,
    -0.91786724328994751,
    -0.015438675880432129,
    0.95605140924453735,
    0.29279181361198425,
    0.10160500556230545,
    0.030988482758402824,
    0.29314357042312622,
    -0.95556598901748657,
    -4.4745063781738281,
    0,
    0,
    0,
    0.99999994039535522
  ],
  "time" : 89016.776494958351,
  "motionQuality" : 0.79653775691986084,
  "averageAngularVelocity" : 0.22686146199703217,
  "intrinsics" : [
    1345.986572265625,
    0,
    956.49163818359375,
    0,
    1345.986572265625,
    725.37701416015625,
    0,
    0,
    1
  ],
  "frame_index" : 363,
  "projectionMatrix" : [
    1.4020693302154541,
    0,
    0.0031337141990661621,
    0,
    0,
    1.8694257736206055,
    0.0081624984741210938,
    0,
    0,
    0,
    -0.9999997615814209,
    -0.00099999981466680765,
    0,
    0,
    -1,
    0
  ]
}