{
  "averageAngularVelocity" : 0,
  "exposureDuration" : 0.01666666753590107,
  "projectionMatrix" : [
    1.3997552394866943,
    0,
    0.002825617790222168,
    0,
    0,
    1.8663402795791626,
    0.0080684423446655273,
    0,
    0,
    0,
    -0.9999997615814209,
    -0.00099999981466680765,
    0,
    0,
    -1,
    0
  ],
  "cameraGrain" : 0.17819802463054657,
  "intrinsics" : [
    1343.7650146484375,
    0,
    956.78741455078125,
    0,
    1343.7650146484375,
    725.30926513671875,
    0,
    0,
    1
  ],
  "averageVelocity" : 0.177639439702034,
  "cameraPoseARFrame" : [
    0.93077099323272705,
    0.14214594662189484,
    -0.33683812618255615,
    -0.98688411712646484,
    -0.040073521435260773,
    0.95543718338012695,
    0.29246163368225098,
    0.28207820653915405,
    0.36340001225471497,
    -0.25871658325195312,
    0.89498955011367798,
    2.4936351776123047,
    0,
    0,
    0,
    0.99999994039535522
  ],
  "motionQuality" : 0.9492458701133728,
  "time" : 89001.519974000024,
  "frame_index" : 177
}