{
  "intrinsics" : [
    1343.759033203125,
    0,
    956.43341064453125,
    0,
    1343.759033203125,
    725.36865234375,
    0,
    0,
    1
  ],
  "projectionMatrix" : [
    1.3997490406036377,
    0,
    0.0031943917274475098,
    0,
    0,
    1.866331934928894,
    0.008150935173034668,
    0,
    0,
    0,
    -0.9999997615814209,
    -0.00099999981466680765,
    0,
    0,
    -1,
    0
  ],
  "cameraPoseARFrame" : [
    0.9831235408782959,
    0.051636435091495514,
    -0.17550449073314667,
    -0.51796692609786987,
    -0.0011816683690994978,
    0.96111202239990234,
    0.27615624666213989,
    0.22325056791305542,
    0.18293929100036621,
    -0.27128836512565613,
    0.94495278596878052,
    2.8366241455078125,
    0,
    0,
    0,
    0.99999994039535522
  ],
  "averageVelocity" : 0,
  "exposureDuration" : 0.01666666753590107,
  "motionQuality" : 0.98211848735809326,
  "time" : 88996.293477291692,
  "frame_index" : 112,
  "averageAngularVelocity" : 0,
  "cameraGrain" : 0.17407749593257904
}