{
  "intrinsics" : [
    1345.9686279296875,
    0,
    956.33819580078125,
    0,
    1345.9686279296875,
    725.20379638671875,
    0,
    0,
    1
  ],
  "frame_index" : 235,
  "time" : 89006.234251916685,
  "exposureDuration" : 0.01666666753590107,
  "motionQuality" : 0.74745661020278931,
  "cameraPoseARFrame" : [
    0.65244418382644653,
    0.24756443500518799,
    -0.71625989675521851,
    -3.0542972087860107,
    0.049606166779994965,
    0.92915916442871094,
    0.36633634567260742,
    0.13461655378341675,
    0.75621140003204346,
    -0.27454495429992676,
    0.59394383430480957,
    0.1405322402715683,
    0,
    0,
    0,
    0.99999994039535522
  ],
  "averageAngularVelocity" : 0.44575810432434082,
  "averageVelocity" : 0.88390189409255981,
  "projectionMatrix" : [
    1.4020506143569946,
    0,
    0.0032935738563537598,
    0,
    0,
    1.8694008588790894,
    0.0079219341278076172,
    0,
    0,
    0,
    -0.9999997615814209,
    -0.00099999981466680765,
    0,
    0,
    -1,
    0
  ],
  "cameraGrain" : 0.27200889587402344
}