{
  "frame_index" : 300,
  "time" : 89011.529170083348,
  "averageVelocity" : 0.76812237501144409,
  "averageAngularVelocity" : 0.15705010294914246,
  "cameraGrain" : 0.19227306544780731,
  "exposureDuration" : 0.01666666753590107,
  "cameraPoseARFrame" : [
    -0.38809606432914734,
    0.23633451759815216,
    -0.89080142974853516,
    -4.0519618988037109,
    -0.013563079759478569,
    0.96499234437942505,
    0.26192677021026611,
    0.10181069374084473,
    0.92151910066604614,
    0.11373480409383774,
    -0.37130439281463623,
    -2.8940157890319824,
    0,
    0,
    0,
    1
  ],
  "projectionMatrix" : [
    1.3992278575897217,
    0,
    0.0029117465019226074,
    0,
    0,
    1.8656371831893921,
    0.0084039568901062012,
    0,
    0,
    0,
    -0.9999997615814209,
    -0.00099999981466680765,
    0,
    0,
    -1,
    0
  ],
  "intrinsics" : [
    1343.2587890625,
    0,
    956.7047119140625,
    0,
    1343.2587890625,
    725.55084228515625,
    0,
    0,
    1
  ],
  "motionQuality" : 0.7805364727973938
}