{
  "intrinsics" : [
    1361.8558349609375,
    0,
    954.82183837890625,
    0,
    1361.8558349609375,
    724.51995849609375,
    0,
    0,
    1
  ],
  "projectionMatrix" : [
    1.4185998439788818,
    0,
    0.0048730969429016113,
    0,
    0,
    1.8914663791656494,
    0.006972193717956543,
    0,
    0,
    0,
    -0.9999997615814209,
    -0.00099999981466680765,
    0,
    0,
    -1,
    0
  ],
  "cameraPoseARFrame" : [
    -0.55651694536209106,
    -0.37421306967735291,
    0.74179059267044067,
    2.0644667148590088,
    0.082269884645938873,
    0.86361593008041382,
    0.49739223718643188,
    -0.058562926948070526,
    -0.82675302028656006,
    0.33783429861068726,
    -0.44983044266700745,
    -0.25313013792037964,
    0,
    0,
    0,
    0.99999994039535522
  ],
  "averageVelocity" : 0.28669613599777222,
  "exposureDuration" : 0.01666666753590107,
  "motionQuality" : 0.58405256271362305,
  "time" : 89024.248841833352,
  "frame_index" : 454,
  "averageAngularVelocity" : 1.4558159112930298,
  "cameraGrain" : 0.020156532526016235
}