{
  "frame_index" : 144,
  "averageAngularVelocity" : 0,
  "cameraGrain" : 0.17306828498840332,
  "projectionMatrix" : [
    1.3997987508773804,
    0,
    0.0024799108505249023,
    0,
    0,
    1.8663983345031738,
    0.0081447958946228027,
    0,
    0,
    0,
    -0.9999997615814209,
    -0.00099999981466680765,
    0,
    0,
    -1,
    0
  ],
  "cameraPoseARFrame" : [
    0.97558319568634033,
    0.11307597905397415,
    -0.18828414380550385,
    -0.49108564853668213,
    -0.058529563248157501,
    0.96013224124908447,
    0.27334973216056824,
    0.23905378580093384,
    0.21168705821037292,
    -0.25565528869628906,
    0.94330734014511108,
    2.8875927925109863,
    0,
    0,
    0,
    0.99999994039535522
  ],
  "exposureDuration" : 0.01666666753590107,
  "intrinsics" : [
    1343.8067626953125,
    0,
    957.1192626953125,
    0,
    1343.8067626953125,
    725.3642578125,
    0,
    0,
    1
  ],
  "motionQuality" : 0.97301411628723145,
  "time" : 88998.886647000021,
  "averageVelocity" : 0.037037830799818039
}