{
  "motionQuality" : 0.79948222637176514,
  "averageVelocity" : 0.70181208848953247,
  "time" : 89014.14077370835,
  "intrinsics" : [
    1345.2838134765625,
    0,
    956.45587158203125,
    0,
    1345.2838134765625,
    725.39666748046875,
    0,
    0,
    1
  ],
  "cameraGrain" : 0.23789972066879272,
  "frame_index" : 331,
  "exposureDuration" : 0.01666666753590107,
  "projectionMatrix" : [
    1.4013372659683228,
    0,
    0.0031709671020507812,
    0,
    0,
    1.8684496879577637,
    0.0081897974014282227,
    0,
    0,
    0,
    -0.9999997615814209,
    -0.00099999981466680765,
    0,
    0,
    -1,
    0
  ],
  "cameraPoseARFrame" : [
    -0.84095090627670288,
    0.16752055287361145,
    -0.51452726125717163,
    -2.6825954914093018,
    0.020649237558245659,
    0.9601137638092041,
    0.27884581685066223,
    0.097743339836597443,
    0.54071718454360962,
    0.22387109696865082,
    -0.81086772680282593,
    -3.9980354309082031,
    0,
    0,
    0,
    0.99999994039535522
  ],
  "averageAngularVelocity" : 0.13813838362693787
}