{
  "frame_index" : 553,
  "cameraGrain" : 0.089989908039569855,
  "motionQuality" : 0.75673019886016846,
  "cameraPoseARFrame" : [
    0.91957879066467285,
    -0.098290055990219116,
    0.38041254878044128,
    1.7146065235137939,
    -0.034802734851837158,
    0.94402134418487549,
    0.32804307341575623,
    0.2285660058259964,
    -0.39136102795600891,
    -0.31490093469619751,
    0.86468130350112915,
    2.4566147327423096,
    0,
    0,
    0,
    0.99999982118606567
  ],
  "averageAngularVelocity" : 0.42518115043640137,
  "time" : 89032.121811791687,
  "projectionMatrix" : [
    1.4018552303314209,
    0,
    0.0022271871566772461,
    0,
    0,
    1.8691402673721313,
    0.007845461368560791,
    0,
    0,
    0,
    -0.9999997615814209,
    -0.00099999981466680765,
    0,
    0,
    -1,
    0
  ],
  "averageVelocity" : 0.85144442319869995,
  "intrinsics" : [
    1345.781005859375,
    0,
    957.36187744140625,
    0,
    1345.781005859375,
    725.14874267578125,
    0,
    0,
    1
  ],
  "exposureDuration" : 0.01666666753590107
}