{
  "intrinsics" : [
    1344.85791015625,
    0,
    957.124267578125,
    0,
    1344.85791015625,
    725.2926025390625,
    0,
    0,
    1
  ],
  "projectionMatrix" : [
    1.4008936882019043,
    0,
    0.0024747252464294434,
    0,
    0,
    1.8678581714630127,
    0.0080452561378479004,
    0,
    0,
    0,
    -0.9999997615814209,
    -0.00099999981466680765,
    0,
    0,
    -1,
    0
  ],
  "cameraPoseARFrame" : [
    0.30232885479927063,
    -0.26759639382362366,
    0.91487109661102295,
    3.2117569446563721,
    -0.0028070395346730947,
    0.95953148603439331,
    0.28158703446388245,
    0.19810301065444946,
    -0.95319944620132446,
    -0.087699994444847107,
    0.2893429696559906,
    0.92889130115509033,
    0,
    0,
    0,
    0.99999994039535522
  ],
  "averageVelocity" : 0.74802517890930176,
  "exposureDuration" : 0.01666666753590107,
  "motionQuality" : 0.78627848625183105,
  "time" : 89029.453083958346,
  "frame_index" : 518,
  "averageAngularVelocity" : 0.20253551006317139,
  "cameraGrain" : 0.11957196146249771
}