{
  "averageVelocity" : 0.52119630575180054,
  "cameraGrain" : 0.1325351744890213,
  "exposureDuration" : 0.01666666753590107,
  "motionQuality" : 0.85108673572540283,
  "frame_index" : 24,
  "projectionMatrix" : [
    1.3991938829421997,
    0,
    0.0021179914474487305,
    0,
    0,
    1.8655917644500732,
    0.0080750584602355957,
    0,
    0,
    0,
    -0.9999997615814209,
    -0.00099999981466680765,
    0,
    0,
    -1,
    0
  ],
  "cameraPoseARFrame" : [
    0.70721769332885742,
    -0.19054511189460754,
    0.68083441257476807,
    3.0785212516784668,
    -0.00011664182966342196,
    0.96296495199203491,
    0.26962614059448242,
    0.18833072483539581,
    -0.70699572563171387,
    -0.19076383113861084,
    0.68100374937057495,
    2.1632046699523926,
    0,
    0,
    0,
    0.99999982118606567
  ],
  "time" : 88988.980017916692,
  "intrinsics" : [
    1343.22607421875,
    0,
    957.46673583984375,
    0,
    1343.22607421875,
    725.31402587890625,
    0,
    0,
    1
  ],
  "averageAngularVelocity" : 0.14635221660137177
}