{
  "intrinsics" : [
    1345.900146484375,
    0,
    957.28619384765625,
    0,
    1345.900146484375,
    725.24365234375,
    0,
    0,
    1
  ],
  "projectionMatrix" : [
    1.4019793272018433,
    0,
    0.0023060441017150879,
    0,
    0,
    1.8693057298660278,
    0.0079773068428039551,
    0,
    0,
    0,
    -0.9999997615814209,
    -0.00099999981466680765,
    0,
    0,
    -1,
    0
  ],
  "cameraPoseARFrame" : [
    0.84246194362640381,
    0.21811933815479279,
    -0.49262729287147522,
    -2.2727458477020264,
    -0.050012100487947464,
    0.94209319353103638,
    0.33160042762756348,
    0.16017313301563263,
    0.53642952442169189,
    -0.25472345948219299,
    0.80458635091781616,
    0.73781752586364746,
    0,
    0,
    0,
    0.99999982118606567
  ],
  "averageVelocity" : 1.2321194410324097,
  "exposureDuration" : 0.01666666753590107,
  "motionQuality" : 0.64796590805053711,
  "time" : 89037.392400791679,
  "frame_index" : 618,
  "averageAngularVelocity" : 0.59241938591003418,
  "cameraGrain" : 0.26750928163528442
}