{
  "cameraPoseARFrame" : [
    0.046510636806488037,
    -0.28870931267738342,
    0.95628631114959717,
    3.4279546737670898,
    -0.061969880014657974,
    0.95464450120925903,
    0.29122760891914368,
    0.17387264966964722,
    -0.99699372053146362,
    -0.072806164622306824,
    0.026509929448366165,
    0.073126211762428284,
    0,
    0,
    0,
    0.99999994039535522
  ],
  "time" : 89026.850984250021,
  "cameraGrain" : 0.14412541687488556,
  "averageVelocity" : 0.16967321932315826,
  "motionQuality" : 0.95152193307876587,
  "frame_index" : 486,
  "projectionMatrix" : [
    1.4019484519958496,
    0,
    0.0031641125679016113,
    0,
    0,
    1.8692646026611328,
    0.0082210898399353027,
    0,
    0,
    0,
    -0.9999997615814209,
    -0.00099999981466680765,
    0,
    0,
    -1,
    0
  ],
  "averageAngularVelocity" : 0.084635175764560699,
  "exposureDuration" : 0.01666666753590107,
  "intrinsics" : [
    1345.8704833984375,
    0,
    956.46246337890625,
    0,
    1345.8704833984375,
    725.419189453125,
    0,
    0,
    1
  ]
}