{
  "time" : 89004.13263279169,
  "averageAngularVelocity" : 0.26822024583816528,
  "motionQuality" : 0.73802191019058228,
  "projectionMatrix" : [
    1.4010580778121948,
    0,
    0.0026503205299377441,
    0,
    0,
    1.8680773973464966,
    0.0078620314598083496,
    0,
    0,
    0,
    -0.9999997615814209,
    -0.00099999981466680765,
    0,
    0,
    -1,
    0
  ],
  "intrinsics" : [
    1345.0157470703125,
    0,
    956.9556884765625,
    0,
    1345.0157470703125,
    725.16064453125,
    0,
    0,
    1
  ],
  "averageVelocity" : 0.91692328453063965,
  "cameraGrain" : 0.24531233310699463,
  "exposureDuration" : 0.01666666753590107,
  "frame_index" : 209,
  "cameraPoseARFrame" : [
    0.85873448848724365,
    0.22056056559085846,
    -0.46252346038818359,
    -1.7068032026290894,
    -0.03663138672709465,
    0.926738440990448,
    0.37391683459281921,
    0.20145423710346222,
    0.51110970973968506,
    -0.30415242910385132,
    0.80390173196792603,
    1.4375902414321899,
    0,
    0,
    0,
    0.99999982118606567
  ]
}