{
  "intrinsics" : [
    1344.9354248046875,
    0,
    956.34698486328125,
    0,
    1344.9354248046875,
    725.3521728515625,
    0,
    0,
    1
  ],
  "projectionMatrix" : [
    1.4009743928909302,
    0,
    0.0032843947410583496,
    0,
    0,
    1.8679658174514771,
    0.008128046989440918,
    0,
    0,
    0,
    -0.9999997615814209,
    -0.00099999981466680765,
    0,
    0,
    -1,
    0
  ],
  "cameraPoseARFrame" : [
    -0.95401591062545776,
    -0.11737994104623795,
    0.27581781148910522,
    0.79675918817520142,
    -0.012336096726357937,
    0.93473637104034424,
    0.35512742400169373,
    0.083856172859668732,
    -0.29950180649757385,
    0.33539476990699768,
    -0.89320147037506104,
    -3.9941575527191162,
    0,
    0,
    0,
    0.99999994039535522
  ],
  "averageVelocity" : 0.91941791772842407,
  "exposureDuration" : 0.01666666753590107,
  "motionQuality" : 0.73730915784835815,
  "time" : 89019.445219708359,
  "frame_index" : 396,
  "averageAngularVelocity" : 0.13905671238899231,
  "cameraGrain" : 0.27580729126930237
}