{
  "intrinsics" : [
    1351.5313720703125,
    0,
    956.524658203125,
    0,
    1351.5313720703125,
    724.8753662109375,
    0,
    0,
    1
  ],
  "projectionMatrix" : [
    1.407845139503479,
    0,
    0.0030993223190307617,
    0,
    0,
    1.877126932144165,
    0.0074657797813415527,
    0,
    0,
    0,
    -0.9999997615814209,
    -0.00099999981466680765,
    0,
    0,
    -1,
    0
  ],
  "cameraPoseARFrame" : [
    -0.97892063856124878,
    -0.00074421858880668879,
    0.20423921942710876,
    1.3789807558059692,
    0.098894029855728149,
    0.87322217226028442,
    0.47718212008476257,
    -0.022629791870713234,
    -0.17870137095451355,
    0.48732155561447144,
    -0.85474175214767456,
    -1.7614675760269165,
    0,
    0,
    0,
    0.99999994039535522
  ],
  "averageVelocity" : 0.83606749773025513,
  "exposureDuration" : 0.01666666753590107,
  "motionQuality" : 0.76112353801727295,
  "time" : 89022.114219791692,
  "frame_index" : 429,
  "averageAngularVelocity" : 0.23226310312747955,
  "cameraGrain" : 0.27676087617874146
}