{
  "intrinsics" : [
    1342.815185546875,
    0,
    957.144775390625,
    0,
    1342.815185546875,
    725.2789306640625,
    0,
    0,
    1
  ],
  "projectionMatrix" : [
    1.3987658023834229,
    0,
    0.0024533867835998535,
    0,
    0,
    1.8650211095809937,
    0.0080263018608093262,
    0,
    0,
    0,
    -0.9999997615814209,
    -0.00099999981466680765,
    0,
    0,
    -1,
    0
  ],
  "cameraPoseARFrame" : [
    0.099862821400165558,
    0.21864815056324005,
    -0.97068029642105103,
    -4.2727437019348145,
    -0.033371895551681519,
    0.97574400901794434,
    0.21635545790195465,
    0.20599895715713501,
    0.99444139003753662,
    0.010787565261125565,
    0.10473725199699402,
    -1.0305684804916382,
    0,
    0,
    0,
    0.99999994039535522
  ],
  "averageVelocity" : 0.51727741956710815,
  "exposureDuration" : 0.01666666753590107,
  "motionQuality" : 0.85220646858215332,
  "time" : 89008.870176250013,
  "frame_index" : 268,
  "averageAngularVelocity" : 0.11849574744701385,
  "cameraGrain" : 0.21871577203273773
}