{
  "cameraPoseARFrame" : [
    0.99581038951873779,
    0.058079097419977188,
    -0.070627368986606598,
    0.50295323133468628,
    -0.035248193889856339,
    0.95650392770767212,
    0.28958123922348022,
    0.17439921200275421,
    0.084374025464057922,
    -0.28587859869003296,
    0.95454388856887817,
    3.0427207946777344,
    0,
    0,
    0,
    0.99999982118606567
  ],
  "averageVelocity" : 0.63017463684082031,
  "averageAngularVelocity" : 0.2220035046339035,
  "time" : 88993.724488875014,
  "projectionMatrix" : [
    1.400297999382019,
    0,
    0.0024043917655944824,
    0,
    0,
    1.8670641183853149,
    0.0080150365829467773,
    0,
    0,
    0,
    -0.9999997615814209,
    -0.00099999981466680765,
    0,
    0,
    -1,
    0
  ],
  "frame_index" : 81,
  "exposureDuration" : 0.01666666753590107,
  "intrinsics" : [
    1344.2861328125,
    0,
    957.1917724609375,
    0,
    1344.2861328125,
    725.27081298828125,
    0,
    0,
    1
  ],
  "motionQuality" : 0.81995010375976562,
  "cameraGrain" : 0.12571503221988678
}