{
  "cameraGrain" : 0.15466935932636261,
  "motionQuality" : 0.79134637117385864,
  "cameraPoseARFrame" : [
    0.96874058246612549,
    0.11106257140636444,
    -0.22182555496692657,
    -0.39411014318466187,
    -0.036687880754470825,
    0.94849294424057007,
    0.3146662712097168,
    0.25121408700942993,
    0.24534770846366882,
    -0.29669171571731567,
    0.92291831970214844,
    2.4202380180358887,
    0,
    0,
    0,
    0.99999994039535522
  ],
  "averageAngularVelocity" : 0.10257280617952347,
  "intrinsics" : [
    1345.9031982421875,
    0,
    956.92742919921875,
    0,
    1345.9031982421875,
    725.31634521484375,
    0,
    0,
    1
  ],
  "projectionMatrix" : [
    1.4019825458526611,
    0,
    0.0026797652244567871,
    0,
    0,
    1.8693100214004517,
    0.0080782771110534668,
    0,
    0,
    0,
    -0.9999997615814209,
    -0.00099999981466680765,
    0,
    0,
    -1,
    0
  ],
  "exposureDuration" : 0.01666666753590107,
  "frame_index" : 587,
  "time" : 89034.757207333358,
  "averageVelocity" : 0.73028767108917236
}