{
  "cameraPoseARFrame" : [
    0.93055552244186401,
    -0.041143059730529785,
    0.36383160948753357,
    1.8991318941116333,
    -0.050335947424173355,
    0.96985769271850586,
    0.23841606080532074,
    -0.23962140083312988,
    -0.36267423629760742,
    -0.24017325043678284,
    0.90043544769287109,
    3.9911355972290039,
    0,
    0,
    0,
    1
  ],
  "intrinsics" : [
    1343.7412109375,
    0,
    956.2310791015625,
    0,
    1343.7412109375,
    725.06646728515625,
    0,
    0,
    1
  ],
  "averageVelocity" : 0.52251636981964111,
  "cameraGrain" : 0.21722020208835602,
  "motionQuality" : 0.85070961713790894,
  "projectionMatrix" : [
    1.3997304439544678,
    0,
    0.003405153751373291,
    0,
    0,
    1.866307258605957,
    0.0077311992645263672,
    0,
    0,
    0,
    -0.9999997615814209,
    -0.00099999981466680765,
    0,
    0,
    -1,
    0
  ],
  "averageAngularVelocity" : 0.10527933388948441,
  "exposureDuration" : 0.0099999997764825821,
  "frame_index" : 666,
  "time" : 192161.98411108338
}