{
  "projectionMatrix" : [
    1.3992030620574951,
    0,
    0.0039270520210266113,
    0,
    0,
    1.8656041622161865,
    0.0074627399444580078,
    0,
    0,
    0,
    -0.9999997615814209,
    -0.00099999981466680765,
    0,
    0,
    -1,
    0
  ],
  "frame_index" : 54,
  "motionQuality" : 0.9624936580657959,
  "time" : 192100.5961189167,
  "cameraPoseARFrame" : [
    0.98970437049865723,
    -0.062861241400241852,
    0.12858276069164276,
    1.2081799507141113,
    0.019509155303239822,
    0.94925343990325928,
    0.31390637159347534,
    -0.26625072956085205,
    -0.14179021120071411,
    -0.30816599726676941,
    0.94070667028427124,
    4.2841372489929199,
    0,
    0,
    0,
    1
  ],
  "averageVelocity" : 0.13127221167087555,
  "averageAngularVelocity" : 0,
  "intrinsics" : [
    1343.2349853515625,
    0,
    955.73004150390625,
    0,
    1343.2349853515625,
    724.8731689453125,
    0,
    0,
    1
  ],
  "exposureDuration" : 0.01666666753590107,
  "cameraGrain" : 0.17295843362808228
}