{
  "frame_index" : 387,
  "averageVelocity" : 0.60725897550582886,
  "cameraGrain" : 0.25281447172164917,
  "time" : 192134.22173637504,
  "cameraPoseARFrame" : [
    -0.98735183477401733,
    0.033480066806077957,
    -0.15496903657913208,
    -1.4010887145996094,
    -0.011092984117567539,
    0.9604651927947998,
    0.27817898988723755,
    -0.51306831836700439,
    0.15815582871437073,
    0.27637961506843567,
    -0.94794559478759766,
    -4.5322904586791992,
    0,
    0,
    0,
    1
  ],
  "projectionMatrix" : [
    1.4007850885391235,
    0,
    0.0033801794052124023,
    0,
    0,
    1.867713451385498,
    0.0076695680618286133,
    0,
    0,
    0,
    -0.9999997615814209,
    -0.00099999981466680765,
    0,
    0,
    -1,
    0
  ],
  "intrinsics" : [
    1344.753662109375,
    0,
    956.2550048828125,
    0,
    1344.753662109375,
    725.0220947265625,
    0,
    0,
    1
  ],
  "averageAngularVelocity" : 0.2314215749502182,
  "motionQuality" : 0.82649743556976318,
  "exposureDuration" : 0.0099999997764825821
}