{
  "frame_index" : 953,
  "cameraGrain" : 0.2133467048406601,
  "time" : 192190.27315295837,
  "cameraPoseARFrame" : [
    -0.88841605186462402,
    0.05756252259016037,
    -0.45541578531265259,
    -2.7051219940185547,
    -0.006987609900534153,
    0.99029582738876343,
    0.13880026340484619,
    -0.26537853479385376,
    0.45898601412773132,
    0.12649466097354889,
    -0.87939250469207764,
    -4.0859613418579102,
    0,
    0,
    0,
    1.0000001192092896
  ],
  "intrinsics" : [
    1343.8126220703125,
    0,
    956.10614013671875,
    0,
    1343.8126220703125,
    725.08612060546875,
    0,
    0,
    1
  ],
  "averageVelocity" : 0.55627346038818359,
  "averageAngularVelocity" : 0.2159576416015625,
  "exposureDuration" : 0.0099999997764825821,
  "motionQuality" : 0.8410646915435791,
  "projectionMatrix" : [
    1.3998048305511475,
    0,
    0.0035352706909179688,
    0,
    0,
    1.8664064407348633,
    0.0077584981918334961,
    0,
    0,
    0,
    -0.9999997615814209,
    -0.00099999981466680765,
    0,
    0,
    -1,
    0
  ]
}