{
  "motionQuality" : 0.93095272779464722,
  "frame_index" : 107,
  "averageVelocity" : 0.2125721275806427,
  "averageAngularVelocity" : 0.24166546761989594,
  "cameraPoseARFrame" : [
    0.98385173082351685,
    0.15618456900119781,
    -0.087417922914028168,
    0.11333844065666199,
    -0.11055617034435272,
    0.91439515352249146,
    0.38943389058113098,
    -0.1658855676651001,
    0.14075811207294464,
    -0.37348073720932007,
    0.9168965220451355,
    3.6140305995941162,
    0,
    0,
    0,
    1
  ],
  "projectionMatrix" : [
    1.4025967121124268,
    0,
    0.0029107928276062012,
    0,
    0,
    1.870128870010376,
    0.0069792866706848145,
    0,
    0,
    0,
    -0.9999997615814209,
    -0.00099999981466680765,
    0,
    0,
    -1,
    0
  ],
  "cameraGrain" : 0.21778461337089539,
  "intrinsics" : [
    1346.4927978515625,
    0,
    956.70562744140625,
    0,
    1346.4927978515625,
    724.52508544921875,
    0,
    0,
    1
  ],
  "time" : 192105.93035500005,
  "exposureDuration" : 0.01666666753590107
}