{
  "averageVelocity" : 0.31506627798080444,
  "motionQuality" : 0.90998107194900513,
  "intrinsics" : [
    1344.2684326171875,
    0,
    955.7418212890625,
    0,
    1344.2684326171875,
    725.05865478515625,
    0,
    0,
    1
  ],
  "frame_index" : 441,
  "averageAngularVelocity" : 0.25196906924247742,
  "cameraGrain" : 0.27092507481575012,
  "time" : 192139.55630775006,
  "cameraPoseARFrame" : [
    -0.90459883213043213,
    -0.14438270032405853,
    0.40106672048568726,
    1.332425594329834,
    -0.043336451053619385,
    0.96716392040252686,
    0.25043120980262756,
    -0.28941130638122559,
    -0.42405521869659424,
    0.2091590017080307,
    -0.88115239143371582,
    -3.8763480186462402,
    0,
    0,
    0,
    1
  ],
  "exposureDuration" : 0.0099999997764825821,
  "projectionMatrix" : [
    1.4002796411514282,
    0,
    0.0039147734642028809,
    0,
    0,
    1.8670394420623779,
    0.0077203512191772461,
    0,
    0,
    0,
    -0.9999997615814209,
    -0.00099999981466680765,
    0,
    0,
    -1,
    0
  ]
}