{
  "time" : 192150.7750880417,
  "exposureDuration" : 0.0099999997764825821,
  "motionQuality" : 0.77759033441543579,
  "cameraGrain" : 0.28798443078994751,
  "frame_index" : 554,
  "intrinsics" : [
    1341.123779296875,
    0,
    956.26544189453125,
    0,
    1341.123779296875,
    724.98150634765625,
    0,
    0,
    1
  ],
  "cameraPoseARFrame" : [
    -0.02674965001642704,
    -0.19936686754226685,
    0.97955965995788574,
    5.2411017417907715,
    -0.0072984280996024609,
    0.97992318868637085,
    0.19924150407314301,
    -0.45321512222290039,
    -0.99961555004119873,
    -0.0018195962766185403,
    -0.027667712420225143,
    -0.40845537185668945,
    0,
    0,
    0,
    1
  ],
  "projectionMatrix" : [
    1.3970038890838623,
    0,
    0.0033693313598632812,
    0,
    0,
    1.862671971321106,
    0.0076131820678710938,
    0,
    0,
    0,
    -0.9999997615814209,
    -0.00099999981466680765,
    0,
    0,
    -1,
    0
  ],
  "averageAngularVelocity" : 0.19196964800357819,
  "averageVelocity" : 0.77843385934829712
}