{
  "intrinsics" : [
    1341.674560546875,
    0,
    956.07159423828125,
    0,
    1341.674560546875,
    725.2081298828125,
    0,
    0,
    1
  ],
  "averageAngularVelocity" : 0.28573402762413025,
  "cameraPoseARFrame" : [
    0.22896768152713776,
    -0.094488322734832764,
    0.96883726119995117,
    5.0891876220703125,
    0.036436658352613449,
    0.99541229009628296,
    0.088468939065933228,
    -0.22284018993377686,
    -0.97275179624557495,
    0.015044673345983028,
    0.23136009275913239,
    1.3399339914321899,
    0,
    0,
    0,
    1
  ],
  "projectionMatrix" : [
    1.3975776433944702,
    0,
    0.0035712718963623047,
    0,
    0,
    1.8634369373321533,
    0.0079279541969299316,
    0,
    0,
    0,
    -0.9999997615814209,
    -0.00099999981466680765,
    0,
    0,
    -1,
    0
  ],
  "averageVelocity" : 0.75147312879562378,
  "frame_index" : 1126,
  "cameraGrain" : 0.25717335939407349,
  "exposureDuration" : 0.0099999997764825821,
  "time" : 192206.81935504172,
  "motionQuality" : 0.78529340028762817
}