{
  "cameraPoseARFrame" : [
    0.78900402784347534,
    0.18800033628940582,
    -0.58491754531860352,
    -2.917306661605835,
    -0.077788807451725006,
    0.97493934631347656,
    0.20842805504798889,
    -0.11884743720293045,
    0.60944372415542603,
    -0.11895053088665009,
    0.7838553786277771,
    4.0576562881469727,
    0,
    0,
    0,
    1.0000001192092896
  ],
  "averageAngularVelocity" : 0.14428485929965973,
  "exposureDuration" : 0.01666666753590107,
  "intrinsics" : [
    1341.7786865234375,
    0,
    956.45013427734375,
    0,
    1341.7786865234375,
    725.05584716796875,
    0,
    0,
    1
  ],
  "time" : 192111.80490966671,
  "averageVelocity" : 0.66003847122192383,
  "cameraGrain" : 0.22198393940925598,
  "frame_index" : 164,
  "motionQuality" : 0.81141757965087891,
  "projectionMatrix" : [
    1.3976861238479614,
    0,
    0.0031769275665283203,
    0,
    0,
    1.8635815382003784,
    0.0077164769172668457,
    0,
    0,
    0,
    -0.9999997615814209,
    -0.00099999981466680765,
    0,
    0,
    -1,
    0
  ]
}