{
  "exposureDuration" : 0.0099999997764825821,
  "averageVelocity" : 0.74429398775100708,
  "averageAngularVelocity" : 0.3856947124004364,
  "cameraGrain" : 0.19496111571788788,
  "cameraPoseARFrame" : [
    0.64301371574401855,
    -0.14844109117984772,
    0.75133103132247925,
    3.855072021484375,
    0.0080706039443612099,
    0.98229515552520752,
    0.18716578185558319,
    -0.51561534404754639,
    -0.76581203937530518,
    -0.11428646743297577,
    0.63282734155654907,
    3.0622720718383789,
    0,
    0,
    0,
    1
  ],
  "projectionMatrix" : [
    1.3982506990432739,
    0,
    0.0034774541854858398,
    0,
    0,
    1.8643342256546021,
    0.0076844096183776855,
    0,
    0,
    0,
    -0.9999997615814209,
    -0.00099999981466680765,
    0,
    0,
    -1,
    0
  ],
  "intrinsics" : [
    1342.3206787109375,
    0,
    956.16162109375,
    0,
    1342.3206787109375,
    725.03277587890625,
    0,
    0,
    1
  ],
  "motionQuality" : 0.78734457492828369,
  "time" : 192156.64675150005,
  "frame_index" : 612
}