{
  "projectionMatrix" : [
    1.400905966758728,
    0,
    0.0024569034576416016,
    0,
    0,
    1.8678746223449707,
    0.0073505043983459473,
    0,
    0,
    0,
    -0.9999997615814209,
    -0.00099999981466680765,
    0,
    0,
    -1,
    0
  ],
  "intrinsics" : [
    1344.8697509765625,
    0,
    957.141357421875,
    0,
    1344.8697509765625,
    724.7923583984375,
    0,
    0,
    1
  ],
  "averageAngularVelocity" : 0.073421552777290344,
  "exposureDuration" : 0.0099999997764825821,
  "motionQuality" : 0.85540711879730225,
  "time" : 192167.85515270836,
  "cameraGrain" : 0.28055104613304138,
  "frame_index" : 721,
  "averageVelocity" : 0.50607502460479736,
  "cameraPoseARFrame" : [
    0.94148039817810059,
    0.18403297662734985,
    -0.28239402174949646,
    -0.85595023632049561,
    -0.092798128724098206,
    0.94693845510482788,
    0.30772709846496582,
    -0.13459932804107666,
    0.32404172420501709,
    -0.26351341605186462,
    0.90860193967819214,
    3.8844940662384033,
    0,
    0,
    0,
    1
  ]
}