{
  "frame_index" : 217,
  "exposureDuration" : 0.01666666753590107,
  "projectionMatrix" : [
    1.3976676464080811,
    0,
    0.0041243433952331543,
    0,
    0,
    1.863556981086731,
    0.0076166987419128418,
    0,
    0,
    0,
    -0.9999997615814209,
    -0.00099999981466680765,
    0,
    0,
    -1,
    0
  ],
  "cameraGrain" : 0.26051211357116699,
  "intrinsics" : [
    1341.760986328125,
    0,
    955.5406494140625,
    0,
    1341.760986328125,
    724.9840087890625,
    0,
    0,
    1
  ],
  "motionQuality" : 0.87166333198547363,
  "cameraPoseARFrame" : [
    0.44286102056503296,
    0.20205241441726685,
    -0.87352663278579712,
    -4.3407392501831055,
    0.071142502129077911,
    0.96328544616699219,
    0.258882075548172,
    -0.32038557529449463,
    0.89376330375671387,
    -0.1767936646938324,
    0.4122270941734314,
    1.986614465713501,
    0,
    0,
    0,
    1
  ],
  "averageAngularVelocity" : 0,
  "averageVelocity" : 0.44917836785316467,
  "time" : 192117.14063862505
}