{
  "cameraPoseARFrame" : [
    -0.63223129510879517,
    0.18439330160617828,
    -0.7525174617767334,
    -3.7507228851318359,
    0.0060985395684838295,
    0.97242081165313721,
    0.23315364122390747,
    -0.48123252391815186,
    0.77475571632385254,
    0.14281778037548065,
    -0.61591941118240356,
    -3.184964656829834,
    0,
    0,
    0,
    1
  ],
  "averageVelocity" : 0.49520829319953918,
  "averageAngularVelocity" : 0.28782349824905396,
  "cameraGrain" : 0.16665922105312347,
  "frame_index" : 328,
  "motionQuality" : 0.85851192474365234,
  "projectionMatrix" : [
    1.3997955322265625,
    0,
    0.0035094022750854492,
    0,
    0,
    1.86639404296875,
    0.0077053308486938477,
    0,
    0,
    0,
    -0.9999997615814209,
    -0.00099999981466680765,
    0,
    0,
    -1,
    0
  ],
  "time" : 192128.34834225004,
  "intrinsics" : [
    1343.8037109375,
    0,
    956.1309814453125,
    0,
    1343.8037109375,
    725.0478515625,
    0,
    0,
    1
  ],
  "exposureDuration" : 0.01666666753590107
}