{
  "cameraPoseARFrame" : [
    0.14685697853565216,
    0.20511613786220551,
    -0.96765697002410889,
    -4.1120715141296387,
    -0.021770332008600235,
    0.97869700193405151,
    0.20415227115154266,
    -0.19889132678508759,
    0.98891806602478027,
    -0.0089149763807654381,
    0.14819405972957611,
    0.07730507105588913,
    0,
    0,
    0,
    0.99999988079071045
  ],
  "motionQuality" : 0.84993410110473633,
  "averageAngularVelocity" : 0.36258360743522644,
  "averageVelocity" : 0.52523064613342285,
  "exposureDuration" : 0.0099999997764825821,
  "cameraGrain" : 0.22534839808940887,
  "projectionMatrix" : [
    1.3992775678634644,
    0,
    0.0032967329025268555,
    0,
    0,
    1.8657034635543823,
    0.0077021121978759766,
    0,
    0,
    0,
    -0.9999997615814209,
    -0.00099999981466680765,
    0,
    0,
    -1,
    0
  ],
  "intrinsics" : [
    1343.3065185546875,
    0,
    956.33514404296875,
    0,
    1343.3065185546875,
    725.0455322265625,
    0,
    0,
    1
  ],
  "frame_index" : 838,
  "time" : 192179.0638484167
}