{
  "averageAngularVelocity" : 0.18075455725193024,
  "cameraGrain" : 0.26479443907737732,
  "projectionMatrix" : [
    1.3976428508758545,
    0,
    0.0040526986122131348,
    0,
    0,
    1.8635238409042358,
    0.007241666316986084,
    0,
    0,
    0,
    -0.9999997615814209,
    -0.00099999981466680765,
    0,
    0,
    -1,
    0
  ],
  "frame_index" : 500,
  "cameraPoseARFrame" : [
    -0.55327308177947998,
    -0.17712178826332092,
    0.81395125389099121,
    3.5640668869018555,
    0.0391799695789814,
    0.97051769495010376,
    0.23782388865947723,
    -0.35577577352523804,
    -0.83207798004150391,
    0.16347216069698334,
    -0.5300217866897583,
    -2.9177601337432861,
    0,
    0,
    0,
    0.99999988079071045
  ],
  "exposureDuration" : 0.0099999997764825821,
  "motionQuality" : 0.81170845031738281,
  "averageVelocity" : 0.65902048349380493,
  "time" : 192145.43073270837,
  "intrinsics" : [
    1341.7371826171875,
    0,
    955.60943603515625,
    0,
    1341.7371826171875,
    724.7139892578125,
    0,
    0,
    1
  ]
}