{
  "averageAngularVelocity" : 0.18348053097724915,
  "cameraPoseARFrame" : [
    -0.31171673536300659,
    0.17303857207298279,
    -0.93428587913513184,
    -5.0419411659240723,
    -0.0023565860465168953,
    0.98313385248184204,
    0.18287192285060883,
    -0.24487364292144775,
    0.95017218589782715,
    0.059205956757068634,
    -0.30605149269104004,
    -2.000586986541748,
    0,
    0,
    0,
    1
  ],
  "intrinsics" : [
    1341.7490234375,
    0,
    956.11175537109375,
    0,
    1341.7490234375,
    725.1929931640625,
    0,
    0,
    1
  ],
  "cameraGrain" : 0.19740594923496246,
  "frame_index" : 892,
  "projectionMatrix" : [
    1.3976552486419678,
    0,
    0.0035294294357299805,
    0,
    0,
    1.8635402917861938,
    0.0079069137573242188,
    0,
    0,
    0,
    -0.9999997615814209,
    -0.00099999981466680765,
    0,
    0,
    -1,
    0
  ],
  "motionQuality" : 0.83205586671829224,
  "time" : 192184.40182495839,
  "averageVelocity" : 0.58780443668365479,
  "exposureDuration" : 0.0099999997764825821
}