{
  "averageAngularVelocity" : 0.28886103630065918,
  "frame_index" : 275,
  "cameraPoseARFrame" : [
    -0.096190251410007477,
    0.29832077026367188,
    -0.94960629940032959,
    -5.172215461730957,
    -0.12416642904281616,
    0.94298183917999268,
    0.308817058801651,
    -0.42265641689300537,
    0.98758810758590698,
    0.14761441946029663,
    -0.053664136677980423,
    -1.1201140880584717,
    0,
    0,
    0,
    1
  ],
  "time" : 192123.01307016672,
  "averageVelocity" : 0.48171535134315491,
  "motionQuality" : 0.86236703395843506,
  "projectionMatrix" : [
    1.3986880779266357,
    0,
    0.002561032772064209,
    0,
    0,
    1.864917516708374,
    0.0075374841690063477,
    0,
    0,
    0,
    -0.9999997615814209,
    -0.00099999981466680765,
    0,
    0,
    -1,
    0
  ],
  "intrinsics" : [
    1342.7406005859375,
    0,
    957.0413818359375,
    0,
    1342.7406005859375,
    724.927001953125,
    0,
    0,
    1
  ],
  "cameraGrain" : 0.11676395684480667,
  "exposureDuration" : 0.01666666753590107
}