{
  "projectionMatrix" : [
    1.3975560665130615,
    0,
    0.0026546120643615723,
    0,
    0,
    1.863408088684082,
    0.0075514316558837891,
    0,
    0,
    0,
    -0.9999997615814209,
    -0.00099999981466680765,
    0,
    0,
    -1,
    0
  ],
  "averageAngularVelocity" : 0.19302429258823395,
  "time" : 192173.1928382917,
  "motionQuality" : 0.80504822731018066,
  "averageVelocity" : 0.68233108520507812,
  "cameraGrain" : 0.28291735053062439,
  "exposureDuration" : 0.0099999997764825821,
  "cameraPoseARFrame" : [
    0.60523974895477295,
    0.20546990633010864,
    -0.76906871795654297,
    -3.7672724723815918,
    -0.092681191861629486,
    0.97773241996765137,
    0.18827997148036957,
    -0.13681626319885254,
    0.79062938690185547,
    -0.042676337063312531,
    0.61080586910247803,
    3.1102485656738281,
    0,
    0,
    0,
    1
  ],
  "intrinsics" : [
    1341.65380859375,
    0,
    956.95159912109375,
    0,
    1341.65380859375,
    724.93701171875,
    0,
    0,
    1
  ],
  "frame_index" : 777
}