{
  "projectionMatrix" : [
    1.398622989654541,
    0,
    0.0032328963279724121,
    0,
    0,
    1.8648307323455811,
    0.0074496865272521973,
    0,
    0,
    0,
    -0.9999997615814209,
    -0.00099999981466680765,
    0,
    0,
    -1,
    0
  ],
  "motionQuality" : 0.73681890964508057,
  "intrinsics" : [
    1342.6781005859375,
    0,
    956.39642333984375,
    0,
    1342.6781005859375,
    724.86376953125,
    0,
    0,
    1
  ],
  "cameraGrain" : 0.28258952498435974,
  "averageVelocity" : 0.92113387584686279,
  "time" : 192201.48192095838,
  "exposureDuration" : 0.0099999997764825821,
  "cameraPoseARFrame" : [
    -0.50630015134811401,
    -0.23180726170539856,
    0.83061754703521729,
    3.2183113098144531,
    -0.057169515639543533,
    0.97009778022766113,
    0.23588566482067108,
    -0.190407395362854,
    -0.86046022176742554,
    0.07194296270608902,
    -0.50441306829452515,
    -1.9956727027893066,
    0,
    0,
    0,
    1
  ],
  "averageAngularVelocity" : 0.26939782500267029,
  "frame_index" : 1071
}