{
  "intrinsics" : [
    1343.6756591796875,
    0,
    956.70404052734375,
    0,
    1343.6756591796875,
    725.08038330078125,
    0,
    0,
    1
  ],
  "cameraPoseARFrame" : [
    -0.93624603748321533,
    -0.1372484415769577,
    0.32342886924743652,
    0.43050503730773926,
    -0.073791086673736572,
    0.97682583332061768,
    0.20091347396373749,
    -0.26178371906280518,
    -0.34350875020027161,
    0.16423828899860382,
    -0.92467701435089111,
    -4.1738953590393066,
    0,
    0,
    0,
    1
  ],
  "motionQuality" : 0.81711304187774658,
  "cameraGrain" : 0.25432941317558289,
  "time" : 192195.61048204169,
  "frame_index" : 1011,
  "projectionMatrix" : [
    1.3996621370315552,
    0,
    0.0029124617576599121,
    0,
    0,
    1.8662161827087402,
    0.0077505111694335938,
    0,
    0,
    0,
    -0.9999997615814209,
    -0.00099999981466680765,
    0,
    0,
    -1,
    0
  ],
  "averageVelocity" : 0.64010435342788696,
  "averageAngularVelocity" : 0.10786085575819016,
  "exposureDuration" : 0.0099999997764825821
}