{
  "motionQuality" : 0.79234045743942261,
  "cameraGrain" : 0,
  "projectionMatrix" : [
    1.4093000888824463,
    0,
    0.0041046738624572754,
    0,
    0,
    1.8790668249130249,
    0.0053794980049133301,
    0,
    0,
    0,
    -0.9999997615814209,
    -0.00099999981466680765,
    0,
    0,
    -1,
    0
  ],
  "intrinsics" : [
    1352.9281005859375,
    0,
    955.55950927734375,
    0,
    1352.9281005859375,
    723.37322998046875,
    0,
    0,
    1
  ],
  "time" : 5288.1066685833348,
  "cameraPoseARFrame" : [
    0.94973528385162354,
    -0.088266469538211823,
    0.30035296082496643,
    1.5217154026031494,
    -0.033307809382677078,
    0.92549145221710205,
    0.3773009181022644,
    -0.22737434506416321,
    -0.31127715110778809,
    -0.36834019422531128,
    0.87603193521499634,
    2.6293137073516846,
    0,
    0,
    0,
    0.99999994039535522
  ],
  "frame_index" : 397,
  "averageVelocity" : 0.72680836915969849,
  "exposureDuration" : 0.01666666753590107,
  "averageAngularVelocity" : 0.46192529797554016
}