{
  "motionQuality" : 0.85590821504592896,
  "averageAngularVelocity" : 0.20023700594902039,
  "time" : 5295.5864487083345,
  "cameraPoseARFrame" : [
    0.99587029218673706,
    -0.010737349279224873,
    0.090150289237499237,
    0.73469573259353638,
    -0.018896177411079407,
    0.94672048091888428,
    0.32150107622146606,
    -0.020800786092877388,
    -0.088799193501472473,
    -0.3218768835067749,
    0.9426078200340271,
    3.7441303730010986,
    0,
    0,
    0,
    0.99999982118606567
  ],
  "cameraGrain" : 0.012455531395971775,
  "exposureDuration" : 0.01666666753590107,
  "frame_index" : 469,
  "averageVelocity" : 0.50432121753692627,
  "intrinsics" : [
    1345.408935546875,
    0,
    956.1837158203125,
    0,
    1345.408935546875,
    724.96881103515625,
    0,
    0,
    1
  ],
  "projectionMatrix" : [
    1.4014676809310913,
    0,
    0.0034544467926025391,
    0,
    0,
    1.8686234951019287,
    0.0075955986976623535,
    0,
    0,
    0,
    -0.9999997615814209,
    -0.00099999981466680765,
    0,
    0,
    -1,
    0
  ]
}