{
  "motionQuality" : 0.81231260299682617,
  "averageVelocity" : 0.6569058895111084,
  "intrinsics" : [
    1341.77587890625,
    0,
    956.543701171875,
    0,
    1341.77587890625,
    725.134521484375,
    0,
    0,
    1
  ],
  "frame_index" : 140,
  "projectionMatrix" : [
    1.3976832628250122,
    0,
    0.0030794739723205566,
    0,
    0,
    1.8635776042938232,
    0.0078257322311401367,
    0,
    0,
    0,
    -0.9999997615814209,
    -0.00099999981466680765,
    0,
    0,
    -1,
    0
  ],
  "cameraGrain" : 0,
  "cameraPoseARFrame" : [
    -0.25701245665550232,
    0.12715201079845428,
    -0.95800662040710449,
    -4.0471172332763672,
    -0.017885621637105942,
    0.99051094055175781,
    0.13626445829868317,
    -0.19799204170703888,
    0.96624249219894409,
    0.052156224846839905,
    -0.25229945778846741,
    -1.5940275192260742,
    0,
    0,
    0,
    0.99999982118606567
  ],
  "time" : 5262.4839828333343,
  "averageAngularVelocity" : 0.33052808046340942,
  "exposureDuration" : 0.01666666753590107
}