{
  "averageVelocity" : 1.1355092525482178,
  "cameraGrain" : 0.032895497977733612,
  "exposureDuration" : 0.01666666753590107,
  "motionQuality" : 0.67556881904602051,
  "cameraPoseARFrame" : [
    -0.58978986740112305,
    -0.35442495346069336,
    0.72562462091445923,
    2.0496397018432617,
    0.034855931997299194,
    0.88653308153152466,
    0.46135032176971436,
    -0.35746002197265625,
    -0.80680429935455322,
    0.29739207029342651,
    -0.51051431894302368,
    -0.10371261090040207,
    0,
    0,
    0,
    1
  ],
  "intrinsics" : [
    1355.599365234375,
    0,
    956.1424560546875,
    0,
    1355.599365234375,
    724.513671875,
    0,
    0,
    1
  ],
  "frame_index" : 360,
  "projectionMatrix" : [
    1.4120826721191406,
    0,
    0.0034974217414855957,
    0,
    0,
    1.8827768564224243,
    0.0069634318351745605,
    0,
    0,
    0,
    -0.9999997615814209,
    -0.00099999981466680765,
    0,
    0,
    -1,
    0
  ],
  "time" : 5284.3683970416678,
  "averageAngularVelocity" : 0.22022628784179688
}