{
  "time" : 5258.7487121666682,
  "exposureDuration" : 0.01666666753590107,
  "motionQuality" : 0.83622908592224121,
  "projectionMatrix" : [
    1.3992093801498413,
    0,
    0.0034514665603637695,
    0,
    0,
    1.8656125068664551,
    0.0078267455101013184,
    0,
    0,
    0,
    -0.9999997615814209,
    -0.00099999981466680765,
    0,
    0,
    -1,
    0
  ],
  "cameraPoseARFrame" : [
    0.18034286797046661,
    0.20941586792469025,
    -0.96105211973190308,
    -3.4502613544464111,
    -0.019992249086499214,
    0.97765100002288818,
    0.20928120613098145,
    -0.17809982597827911,
    0.98340052366256714,
    -0.018528779968619347,
    0.18049909174442291,
    0.51863765716552734,
    0,
    0,
    0,
    0.99999982118606567
  ],
  "averageAngularVelocity" : 0.12420694530010223,
  "frame_index" : 102,
  "intrinsics" : [
    1343.240966796875,
    0,
    956.18658447265625,
    0,
    1343.240966796875,
    725.13525390625,
    0,
    0,
    1
  ],
  "cameraGrain" : 0,
  "averageVelocity" : 0.57319808006286621
}