{
  "cameraGrain" : 0,
  "frame_index" : 64,
  "exposureDuration" : 0.01666666753590107,
  "projectionMatrix" : [
    1.4014676809310913,
    0,
    0.0032569169998168945,
    0,
    0,
    1.8686234951019287,
    0.007715761661529541,
    0,
    0,
    0,
    -0.9999997615814209,
    -0.00099999981466680765,
    0,
    0,
    -1,
    0
  ],
  "cameraPoseARFrame" : [
    0.61842751502990723,
    0.24483022093772888,
    -0.74673002958297729,
    -1.983939528465271,
    -0.027428938075900078,
    0.95637530088424683,
    0.29085040092468262,
    -0.18927133083343506,
    0.78536307811737061,
    -0.15938788652420044,
    0.59816420078277588,
    2.67073655128479,
    0,
    0,
    0,
    1
  ],
  "averageVelocity" : 0.71786582469940186,
  "time" : 5255.0142733750008,
  "averageAngularVelocity" : 0.26314127445220947,
  "motionQuality" : 0.7948954701423645,
  "intrinsics" : [
    1345.408935546875,
    0,
    956.37335205078125,
    0,
    1345.408935546875,
    725.05535888671875,
    0,
    0,
    1
  ]
}