{
  "motionQuality" : 0.82231169939041138,
  "averageVelocity" : 0.62190902233123779,
  "time" : 5306.2615023333346,
  "exposureDuration" : 0.01666666753590107,
  "averageAngularVelocity" : 0.20398736000061035,
  "frame_index" : 577,
  "intrinsics" : [
    1343.7293701171875,
    0,
    956.7364501953125,
    0,
    1343.7293701171875,
    725.0384521484375,
    0,
    0,
    1
  ],
  "projectionMatrix" : [
    1.3997180461883545,
    0,
    0.002878725528717041,
    0,
    0,
    1.866290807723999,
    0.0076922774314880371,
    0,
    0,
    0,
    -0.9999997615814209,
    -0.00099999981466680765,
    0,
    0,
    -1,
    0
  ],
  "cameraPoseARFrame" : [
    0.30161041021347046,
    0.20266644656658173,
    -0.93164223432540894,
    -3.2081365585327148,
    -0.10668165236711502,
    0.97818422317504883,
    0.17825382947921753,
    -0.10622289031744003,
    0.94744396209716797,
    0.045625947415828705,
    0.31665131449699402,
    0.98557883501052856,
    0,
    0,
    0,
    0.99999994039535522
  ],
  "cameraGrain" : 0
}