{
  "motionQuality" : 0.79630506038665771,
  "averageVelocity" : 0.71293216943740845,
  "intrinsics" : [
    1344.8370361328125,
    0,
    956.72802734375,
    0,
    1344.8370361328125,
    724.844970703125,
    0,
    0,
    1
  ],
  "time" : 5302.5251562916683,
  "averageAngularVelocity" : 0.21774490177631378,
  "cameraPoseARFrame" : [
    0.70316863059997559,
    0.19108331203460693,
    -0.68486571311950684,
    -2.1901764869689941,
    -0.038822263479232788,
    0.97209262847900391,
    0.23136229813098907,
    -0.049024488776922226,
    0.70996242761611938,
    -0.13609868288040161,
    0.69096332788467407,
    2.9490771293640137,
    0,
    0,
    0,
    0.99999994039535522
  ],
  "frame_index" : 540,
  "cameraGrain" : 0,
  "exposureDuration" : 0.01666666753590107,
  "projectionMatrix" : [
    1.4008718729019165,
    0,
    0.0028874874114990234,
    0,
    0,
    1.8678292036056519,
    0.0074235796928405762,
    0,
    0,
    0,
    -0.9999997615814209,
    -0.00099999981466680765,
    0,
    0,
    -1,
    0
  ]
}