{
  "cameraPoseARFrame" : [
    0.97307145595550537,
    0.016115864738821983,
    -0.22993966937065125,
    -0.39062047004699707,
    0.054237350821495056,
    0.9535362720489502,
    0.29635545611381531,
    -0.028847532346844673,
    0.22403186559677124,
    -0.30084636807441711,
    0.92698478698730469,
    3.6093297004699707,
    0,
    0,
    0,
    0.99999982118606567
  ],
  "time" : 5299.3224346250008,
  "projectionMatrix" : [
    1.4026526212692261,
    0,
    0.0032680630683898926,
    0,
    0,
    1.8702034950256348,
    0.0075139403343200684,
    0,
    0,
    0,
    -0.9999997615814209,
    -0.00099999981466680765,
    0,
    0,
    -1,
    0
  ],
  "motionQuality" : 0.8771052360534668,
  "intrinsics" : [
    1346.5465087890625,
    0,
    956.3626708984375,
    0,
    1346.5465087890625,
    724.9100341796875,
    0,
    0,
    1
  ],
  "frame_index" : 506,
  "cameraGrain" : 0,
  "averageVelocity" : 0.43013167381286621,
  "exposureDuration" : 0.01666666753590107,
  "averageAngularVelocity" : 0.25810375809669495
}