{
  "cameraPoseARFrame" : [
    -0.99225574731826782,
    -0.018010476604104042,
    0.12289869785308838,
    0.85566943883895874,
    -0.0032745371572673321,
    0.99288076162338257,
    0.11906614899635315,
    -0.32371070981025696,
    -0.12416817992925644,
    0.11774163693189621,
    -0.98525065183639526,
    -5.7367696762084961,
    0,
    0,
    0,
    0.99999994039535522
  ],
  "projectionMatrix" : [
    1.3998111486434937,
    0,
    0.0034057497978210449,
    0,
    0,
    1.8664149045944214,
    0.008001863956451416,
    0,
    0,
    0,
    -0.9999997615814209,
    -0.00099999981466680765,
    0,
    0,
    -1,
    0
  ],
  "cameraGrain" : 0,
  "exposureDuration" : 0.01666666753590107,
  "averageVelocity" : 0.60699975490570068,
  "frame_index" : 730,
  "time" : 5321.2068232083348,
  "intrinsics" : [
    1343.8187255859375,
    0,
    956.23046875,
    0,
    1343.8187255859375,
    725.2613525390625,
    0,
    0,
    1
  ],
  "averageAngularVelocity" : 0.16458481550216675,
  "motionQuality" : 0.82657146453857422
}