{
  "averageVelocity" : 0.80107724666595459,
  "cameraPoseARFrame" : [
    -0.40767323970794678,
    0.10177257657051086,
    -0.90743851661682129,
    -3.2920353412628174,
    -0.012463118880987167,
    0.99305659532546997,
    0.11697408556938171,
    -0.20926053822040558,
    0.91304278373718262,
    0.058996733278036118,
    -0.40357416868209839,
    -2.7617080211639404,
    0,
    0,
    0,
    0.99999982118606567
  ],
  "cameraGrain" : 0,
  "time" : 5313.7340870000007,
  "motionQuality" : 0.77112078666687012,
  "intrinsics" : [
    1342.3297119140625,
    0,
    956.28106689453125,
    0,
    1342.3297119140625,
    725.30517578125,
    0,
    0,
    1
  ],
  "exposureDuration" : 0.01666666753590107,
  "frame_index" : 654,
  "projectionMatrix" : [
    1.3982601165771484,
    0,
    0.0033530592918395996,
    0,
    0,
    1.8643468618392944,
    0.0080627202987670898,
    0,
    0,
    0,
    -0.9999997615814209,
    -0.00099999981466680765,
    0,
    0,
    -1,
    0
  ],
  "averageAngularVelocity" : 0.25998330116271973
}