{
  "frame_index" : 32,
  "projectionMatrix" : [
    1.4020941257476807,
    0,
    0.0040252208709716797,
    0,
    0,
    1.8694589138031006,
    0.0073555707931518555,
    0,
    0,
    0,
    -0.9999997615814209,
    -0.00099999981466680765,
    0,
    0,
    -1,
    0
  ],
  "averageVelocity" : 0.44329774379730225,
  "cameraGrain" : 0,
  "averageAngularVelocity" : 0.24897275865077972,
  "time" : 5251.8119529583346,
  "motionQuality" : 0.87334346771240234,
  "exposureDuration" : 0.01666666753590107,
  "cameraPoseARFrame" : [
    0.94610893726348877,
    0.073505625128746033,
    -0.31539630889892578,
    -0.40653455257415771,
    0.026456138119101524,
    0.95310217142105103,
    0.30148971080780029,
    -0.17237837612628937,
    0.32276618480682373,
    -0.29358628392219543,
    0.89979368448257446,
    3.7654037475585938,
    0,
    0,
    0,
    0.99999982118606567
  ],
  "intrinsics" : [
    1346.0103759765625,
    0,
    955.63580322265625,
    0,
    1346.0103759765625,
    724.7960205078125,
    0,
    0,
    1
  ]
}