{
  "time" : 5269.9573366250015,
  "intrinsics" : [
    1343.276611328125,
    0,
    955.70648193359375,
    0,
    1343.276611328125,
    725.28155517578125,
    0,
    0,
    1
  ],
  "averageVelocity" : 0.54750609397888184,
  "projectionMatrix" : [
    1.3992464542388916,
    0,
    0.0039516091346740723,
    0,
    0,
    1.8656619787216187,
    0.008029937744140625,
    0,
    0,
    0,
    -0.9999997615814209,
    -0.00099999981466680765,
    0,
    0,
    -1,
    0
  ],
  "exposureDuration" : 0.01666666753590107,
  "averageAngularVelocity" : 0.12624450027942657,
  "frame_index" : 214,
  "motionQuality" : 0.84356969594955444,
  "cameraPoseARFrame" : [
    -0.93483489751815796,
    0.11509089916944504,
    -0.33591324090957642,
    -1.0276665687561035,
    0.056397587060928345,
    0.9821314811706543,
    0.17954625189304352,
    -0.33409956097602844,
    0.35057514905929565,
    0.14890144765377045,
    -0.92462170124053955,
    -5.0141119956970215,
    0,
    0,
    0,
    0.99999994039535522
  ],
  "cameraGrain" : 0
}