{
  "averageVelocity" : 0.025164328515529633,
  "motionQuality" : 0.98814308643341064,
  "frame_index" : 434,
  "exposureDuration" : 0.01666666753590107,
  "time" : 5291.8507826250016,
  "averageAngularVelocity" : 0.041499216109514236,
  "cameraGrain" : 0,
  "projectionMatrix" : [
    1.3991875648498535,
    0,
    0.0029227137565612793,
    0,
    0,
    1.8655834197998047,
    0.0077821612358093262,
    0,
    0,
    0,
    -0.9999997615814209,
    -0.00099999981466680765,
    0,
    0,
    -1,
    0
  ],
  "cameraPoseARFrame" : [
    0.90037965774536133,
    -0.059275567531585693,
    0.43104857206344604,
    2.0440390110015869,
    -0.016075411811470985,
    0.98546862602233887,
    0.16909503936767578,
    -0.10466542094945908,
    -0.43480804562568665,
    -0.15917904675006866,
    0.88634294271469116,
    3.8632552623748779,
    0,
    0,
    0,
    0.99999994039535522
  ],
  "intrinsics" : [
    1343.2200927734375,
    0,
    956.6942138671875,
    0,
    1343.2200927734375,
    725.1031494140625,
    0,
    0,
    1
  ]
}