{
  "intrinsics" : [
    1347.0823974609375,
    0,
    956.03729248046875,
    0,
    1347.0823974609375,
    725.00634765625,
    0,
    0,
    1
  ],
  "cameraGrain" : 0,
  "cameraPoseARFrame" : [
    -0.57213586568832397,
    -0.16963435709476471,
    0.80242419242858887,
    3.3112661838531494,
    0.070732727646827698,
    0.96452569961547852,
    0.25433602929115295,
    -0.25978103280067444,
    -0.81710302829742432,
    0.20227243006229401,
    -0.53984105587005615,
    -2.8925580978393555,
    0,
    0,
    0,
    0.99999994039535522
  ],
  "projectionMatrix" : [
    1.4032108783721924,
    0,
    0.0036069750785827637,
    0,
    0,
    1.8709477186203003,
    0.0076476931571960449,
    0,
    0,
    0,
    -0.9999997615814209,
    -0.00099999981466680765,
    0,
    0,
    -1,
    0
  ],
  "time" : 5280.6328105833345,
  "motionQuality" : 0.88378149271011353,
  "averageAngularVelocity" : 0.15318585932254791,
  "averageVelocity" : 0.4067646861076355,
  "exposureDuration" : 0.01666666753590107,
  "frame_index" : 321
}