{
  "motionQuality" : 0.78447890281677246,
  "intrinsics" : [
    1342.2850341796875,
    0,
    956.26605224609375,
    0,
    1342.2850341796875,
    724.99847412109375,
    0,
    0,
    1
  ],
  "cameraGrain" : 0,
  "projectionMatrix" : [
    1.3982136249542236,
    0,
    0.003368675708770752,
    0,
    0,
    1.8642847537994385,
    0.0076367855072021484,
    0,
    0,
    0,
    -0.9999997615814209,
    -0.00099999981466680765,
    0,
    0,
    -1,
    0
  ],
  "frame_index" : 177,
  "averageVelocity" : 0.75432384014129639,
  "cameraPoseARFrame" : [
    -0.5866856575012207,
    0.13234588503837585,
    -0.79892712831497192,
    -2.9278912544250488,
    -0.0012839966220781207,
    0.98640203475952148,
    0.16434484720230103,
    -0.28855109214782715,
    0.80981379747390747,
    0.097444571554660797,
    -0.57853794097900391,
    -3.6705365180969238,
    0,
    0,
    0,
    1
  ],
  "averageAngularVelocity" : 0.1828765869140625,
  "exposureDuration" : 0.01666666753590107,
  "time" : 5266.2237984583344
}