{
  "exposureDuration" : 0.01666666753590107,
  "intrinsics" : [
    1345.983642578125,
    0,
    955.6893310546875,
    0,
    1345.983642578125,
    725.20025634765625,
    0,
    0,
    1
  ],
  "cameraPoseARFrame" : [
    -0.99290007352828979,
    0.021885467693209648,
    0.11692129820585251,
    1.2017173767089844,
    0.044347219169139862,
    0.98017066717147827,
    0.19312874972820282,
    -0.33046260476112366,
    -0.11037609726190567,
    0.19694268703460693,
    -0.97418200969696045,
    -5.0236968994140625,
    0,
    0,
    0,
    0.99999994039535522
  ],
  "frame_index" : 252,
  "cameraGrain" : 0,
  "time" : 5273.6933223750011,
  "motionQuality" : 0.81443279981613159,
  "projectionMatrix" : [
    1.4020663499832153,
    0,
    0.0039694309234619141,
    0,
    0,
    1.8694217205047607,
    0.0079170465469360352,
    0,
    0,
    0,
    -0.9999997615814209,
    -0.00099999981466680765,
    0,
    0,
    -1,
    0
  ],
  "averageAngularVelocity" : 0.21363477408885956,
  "averageVelocity" : 0.64948523044586182
}