{
  "intrinsics" : [
    1345.414794921875,
    0,
    955.75927734375,
    0,
    1345.414794921875,
    725.05517578125,
    0,
    0,
    1
  ],
  "frame_index" : 284,
  "exposureDuration" : 0.01666666753590107,
  "averageVelocity" : 0.39572179317474365,
  "time" : 5276.8956614166682,
  "averageAngularVelocity" : 0.21793916821479797,
  "cameraPoseARFrame" : [
    -0.80923604965209961,
    -0.059402570128440857,
    0.58447259664535522,
    2.5901799201965332,
    0.048437349498271942,
    0.98474115133285522,
    0.16714797914028168,
    -0.29788634181022644,
    -0.58548325300216675,
    0.16357250511646271,
    -0.79401075839996338,
    -4.3130302429199219,
    0,
    0,
    0,
    0.99999982118606567
  ],
  "cameraGrain" : 0,
  "projectionMatrix" : [
    1.4014737606048584,
    0,
    0.0038965940475463867,
    0,
    0,
    1.8686316013336182,
    0.0077155232429504395,
    0,
    0,
    0,
    -0.9999997615814209,
    -0.00099999981466680765,
    0,
    0,
    -1,
    0
  ],
  "motionQuality" : 0.88693660497665405
}