{
  "projectionMatrix" : [
    1.3993209600448608,
    0,
    0.0030840635299682617,
    0,
    0,
    1.8657612800598145,
    0.0077883601188659668,
    0,
    0,
    0,
    -0.9999997615814209,
    -0.00099999981466680765,
    0,
    0,
    -1,
    0
  ],
  "cameraPoseARFrame" : [
    0.020888263359665871,
    0.16244702041149139,
    -0.9864962100982666,
    -4.3001008033752441,
    0.024456284940242767,
    0.98633307218551636,
    0.16293799877166748,
    -0.13835799694061279,
    0.99948263168334961,
    -0.027529522776603699,
    0.016629908233880997,
    -0.1429043710231781,
    0,
    0,
    0,
    1
  ],
  "time" : 5309.9981091250011,
  "motionQuality" : 0.82059615850448608,
  "intrinsics" : [
    1343.34814453125,
    0,
    956.539306640625,
    0,
    1343.34814453125,
    725.10760498046875,
    0,
    0,
    1
  ],
  "averageVelocity" : 0.62791347503662109,
  "cameraGrain" : 0,
  "exposureDuration" : 0.01666666753590107,
  "frame_index" : 615,
  "averageAngularVelocity" : 0.2807786762714386
}