{
  "exposureDuration" : 0.01666666753590107,
  "intrinsics" : [
    1343.34521484375,
    0,
    955.844482421875,
    0,
    1343.34521484375,
    725.077392578125,
    0,
    0,
    1
  ],
  "projectionMatrix" : [
    1.3993179798126221,
    0,
    0.0038078427314758301,
    0,
    0,
    1.8657572269439697,
    0.0077463984489440918,
    0,
    0,
    0,
    -0.9999997615814209,
    -0.00099999981466680765,
    0,
    0,
    -1,
    0
  ],
  "time" : 5317.470589708334,
  "cameraGrain" : 0,
  "cameraPoseARFrame" : [
    -0.86697566509246826,
    0.096732452511787415,
    -0.48887202143669128,
    -1.4528316259384155,
    0.054368428885936737,
    0.99348455667495728,
    0.1001613587141037,
    -0.31924536824226379,
    0.49537569284439087,
    0.060258273035287857,
    -0.86658620834350586,
    -4.7999358177185059,
    0,
    0,
    0,
    0.99999994039535522
  ],
  "frame_index" : 692,
  "motionQuality" : 0.78951758146286011,
  "averageVelocity" : 0.73668843507766724,
  "averageAngularVelocity" : 0.23039746284484863
}